date,IBIT,FBTC,BITB,ARKB,BTCO,EZBC,BRRR,HODL,BTCW,MSBT,GBTC,BTC,Total
2024-01-11,111.7,227.0,237.9,65.3,17.4,50.1,29.4,10.6,1.0,-,(95.1),-,655.3
2024-01-12,386.0,195.3,17.4,39.8,28.4,0.0,20.2,0.0,0.0,-,(484.1),-,203.0
2024-01-15,-,-,-,-,-,-,-,-,-,-,-,-,0.0
2024-01-16,212.7,102.0,50.2,122.3,31.9,0.0,15.3,7.3,0.0,-,(594.4),-,(52.7)
2024-01-17,371.4,358.1,68.2,50.3,57.6,1.2,1.2,4.8,1.6,-,(460.6),-,453.8
2024-01-18,145.5,177.9,20.1,41.8,58.8,0.0,9.3,2.3,0.0,-,(582.3),-,(126.6)
2024-01-19,201.5,222.3,56.7,62.6,63.4,0.0,10.4,14.2,2.9,-,(590.4),-,43.6
2024-01-22,260.6,158.7,41.6,65.0,5.6,4.7,9.7,6.8,0.4,-,(640.5),-,(87.4)
2024-01-23,160.1,157.7,26.3,61.8,0.0,1.1,0.0,2.2,0.0,-,(515.3),-,(106.1)
2024-01-24,66.2,125.7,19.1,24.9,19.9,1.2,9.1,4.5,0.4,-,(429.3),-,(158.3)
2024-01-25,170.7,101.0,20.0,16.1,0.0,0.0,6.5,0.0,0.0,-,(394.1),-,(79.8)
2024-01-26,87.1,100.1,30.9,46.4,0.0,1.2,1.8,2.4,0.0,-,(255.1),-,14.8
2024-01-29,198.4,208.2,20.0,17.2,3.0,0.0,0.0,0.0,0.0,-,(191.7),-,255.1
2024-01-30,299.2,119.2,21.9,16.8,6.3,2.5,0.0,0.0,2.1,-,(220.7),-,247.3
2024-01-31,116.2,232.0,17.8,14.8,1.5,0.0,0.6,2.4,0.0,-,(187.7),-,197.6
2024-02-01,163.9,35.8,4.2,15.9,0.0,0.0,0.0,0.0,0.7,-,(182.0),-,38.5
2024-02-02,105.8,78.9,11.5,22.6,0.0,2.5,0.0,2.4,0.9,-,(144.6),-,80.0
2024-02-05,137.3,38.0,0.0,0.0,0.0,0.0,0.0,0.0,0.7,-,(107.9),-,68.1
2024-02-06,45.2,37.7,11.3,8.6,0.0,0.0,0.0,2.4,1.1,-,(72.7),-,33.6
2024-02-07,56.2,130.1,21.4,3.3,8.6,5.1,1.2,0.0,0.9,-,(80.8),-,146.0
2024-02-08,204.1,128.3,60.5,86.4,13.4,0.0,1.9,10.3,1.7,-,(101.6),-,405.0
2024-02-09,250.7,188.4,29.1,136.5,(17.4),1.4,1.4,2.7,0.5,-,(51.8),-,541.5
2024-02-12,374.7,151.9,33.0,40.0,(20.8),0.0,1.1,8.5,0.0,-,(95.0),-,493.4
2024-02-13,493.1,163.6,10.8,40.0,0.0,0.0,0.0,0.0,1.6,-,(72.8),-,636.3
2024-02-14,224.3,118.9,47.2,101.5,(37.5),9.0,1.0,2.9,3.6,-,(131.2),-,339.7
2024-02-15,330.9,97.4,120.2,88.9,1.3,3.0,7.4,2.9,0.0,-,(174.6),-,477.4
2024-02-16,191.4,116.7,20.9,140.0,1.0,0.0,7.9,0.0,2.8,-,(150.4),-,330.3
2024-02-19,-,-,-,-,-,-,-,-,-,-,-,-,0.0
2024-02-20,154.3,71.7,11.1,27.4,0.0,0.0,0.0,5.9,2.2,-,(137.0),-,135.6
2024-02-21,96.5,52.5,0.0,10.7,1.0,3.0,0.0,0.0,0.0,-,(199.3),-,(35.6)
2024-02-22,125.1,158.9,7.9,6.7,0.0,0.0,1.2,2.9,4.4,-,(55.7),-,251.4
2024-02-23,167.5,52.5,12.0,34.5,0.0,1.5,0.0,8.7,0.0,-,(44.2),-,232.5
2024-02-26,111.8,243.3,37.2,130.6,4.4,7.9,0.0,6.2,0.9,-,(22.4),-,519.9
2024-02-27,520.2,126.0,18.4,5.4,2.6,16.6,0.0,9.7,3.6,-,(125.6),-,576.9
2024-02-28,612.1,245.2,9.9,23.8,0.0,0.0,0.0,(3.4),2.2,-,(216.4),-,673.4
2024-02-29,603.9,44.8,21.7,9.9,(1.5),5.4,0.0,7.0,0.0,-,(598.9),-,92.3
2024-03-01,202.5,49.3,42.3,55.1,0.0,5.4,0.0,(1.8),0.0,-,(492.4),-,(139.6)
2024-03-04,420.1,404.6,90.9,38.2,(25.7),7.8,3.7,(5.7),(3.2),-,(368.0),-,562.7
2024-03-05,788.3,125.6,3.7,63.7,(14.2),3.6,0.0,3.5,6.6,-,(332.5),-,648.3
2024-03-06,281.7,205.7,28.6,41.3,3.0,5.8,40.7,0.0,1.4,-,(276.2),-,332.0
2024-03-07,244.2,473.4,41.4,42.1,0.0,0.0,41.8,1.9,2.5,-,(374.8),-,472.5
2024-03-08,336.3,130.3,8.0,1.7,(7.6),8.0,41.4,7.8,0.0,-,(302.9),-,223.0
2024-03-11,562.9,215.5,49.8,13.0,(9.7),0.0,43.4,118.8,5.8,-,(494.1),-,505.4
2024-03-12,849.0,51.6,24.6,93.0,(19.7),0.0,39.6,82.9,3.0,-,(79.0),-,"1,045.0"
2024-03-13,586.5,281.5,5.6,44.6,0.0,19.1,4.1,16.5,2.3,-,(276.5),-,683.7
2024-03-14,345.4,13.7,0.0,3.5,0.0,4.0,9.4,13.8,0.0,-,(257.1),-,132.7
2024-03-15,139.8,155.6,20.5,0.0,0.0,2.0,1.2,15.8,3.3,-,(139.4),-,198.8
2024-03-18,451.5,5.9,17.6,2.7,0.0,0.0,4.8,5.7,0.0,-,(642.5),-,(154.3)
2024-03-19,75.2,39.6,2.5,0.0,0.0,0.0,0.0,0.0,0.0,-,(443.5),-,(326.2)
2024-03-20,49.3,12.9,18.6,23.3,(10.2),19.0,2.9,9.3,0.0,-,(386.6),-,(261.5)
2024-03-21,233.4,2.9,12.0,2.0,4.2,3.8,4.7,1.8,0.0,-,(358.8),-,(94.0)
2024-03-22,18.9,18.1,16.3,5.4,4.5,29.6,25.5,0.0,0.0,-,(169.9),-,(51.6)
2024-03-25,35.5,261.8,14.0,0.0,18.5,20.5,11.2,4.0,0.0,-,(350.1),-,15.4
2024-03-26,162.2,279.1,16.7,73.6,26.7,26.3,29.9,15.8,0.0,-,(212.3),-,418.0
2024-03-27,323.8,1.5,0.0,200.7,4.8,4.0,5.1,1.9,1.5,-,(299.8),-,243.5
2024-03-28,95.1,68.1,67.0,27.6,3.9,0.0,6.0,20.0,0.0,-,(104.9),-,182.8
2024-03-29,-,-,-,-,-,-,-,-,-,-,-,-,0.0
2024-04-01,165.9,44.0,1.1,(0.3),4.2,0.0,0.0,2.0,0.0,-,(302.6),-,(85.7)
2024-04-02,150.5,44.8,4.3,(87.5),0.0,0.0,3.7,5.6,0.0,-,(81.9),-,39.5
2024-04-03,42.0,116.7,23.0,0.0,0.0,3.8,0.0,0.0,3.1,-,(75.1),-,113.5
2024-04-04,144.0,106.6,11.2,12.0,0.0,0.0,3.4,15.5,0.0,-,(79.3),-,213.4
2024-04-05,308.8,83.0,7.4,0.0,2.7,0.0,0.0,0.0,0.0,-,(198.9),-,203.0
2024-04-08,21.3,6.3,40.3,9.3,0.0,0.0,0.0,0.0,2.3,-,(303.3),-,(223.8)
2024-04-09,128.7,3.0,3.8,0.0,0.0,0.0,0.0,0.0,0.0,-,(154.9),-,(19.4)
2024-04-10,33.3,76.3,24.3,7.3,0.0,0.0,0.0,0.0,0.0,-,(17.5),-,123.7
2024-04-11,192.1,4.6,11.1,0.0,0.0,0.0,8.4,0.0,0.0,-,(124.9),-,91.3
2024-04-12,111.1,0.0,0.0,0.0,0.0,0.0,0.0,0.0,0.0,-,(166.2),-,(55.1)
2024-04-15,73.4,0.0,0.0,0.0,0.0,0.0,0.0,0.0,0.0,-,(110.1),-,(36.7)
2024-04-16,25.8,1.4,0.0,(12.9),0.0,1.8,1.7,3.6,0.0,-,(79.4),-,(58.0)
2024-04-17,18.1,0.0,(7.3),(42.7),0.0,0.0,0.0,0.0,0.0,-,(133.1),-,(165.0)
2024-04-18,18.8,37.4,12.8,9.5,0.0,0.0,0.0,7.2,0.0,-,(90.0),-,(4.3)
2024-04-19,29.3,54.8,4.9,12.5,3.9,1.9,0.0,(1.8),0.0,-,(45.8),-,59.7
2024-04-22,19.7,34.8,2.2,22.6,2.7,7.7,0.0,7.5,0.0,-,(35.0),-,62.2
2024-04-23,37.9,4.4,23.2,33.3,(0.3),1.9,0.0,(1.9),0.0,-,(66.9),-,31.6
2024-04-24,0.0,5.6,0.0,4.2,0.0,0.0,0.0,0.0,0.0,-,(130.4),-,(120.6)
2024-04-25,0.0,(22.6),(6.0),(31.3),0.0,1.9,(20.2),0.0,0.0,-,(139.4),-,(217.6)
2024-04-26,0.0,(2.8),(3.8),5.4,0.0,0.0,0.0,0.0,0.0,-,(82.4),-,(83.6)
2024-04-29,0.0,(6.9),6.8,(31.3),0.0,1.8,2.7,0.0,0.0,-,(24.7),-,(51.6)
2024-04-30,0.0,(35.3),(34.3),3.6,(2.4),0.0,0.0,0.0,0.0,-,(93.2),-,(161.6)
2024-05-01,(36.9),(191.1),(29.0),(98.1),(5.4),(13.4),(9.7),(6.5),(6.2),-,(167.4),-,(563.7)
2024-05-02,0.0,0.0,0.0,13.3,1.5,3.4,2.3,0.0,0.0,-,(54.9),-,(34.4)
2024-05-03,12.7,102.6,33.5,28.1,33.2,60.9,35.6,8.7,0.0,-,63.0,-,378.3
2024-05-06,21.5,99.2,2.1,75.6,11.1,1.8,0.0,1.8,0.0,-,3.9,-,217.0
2024-05-07,0.0,4.1,0.0,2.8,6.0,0.0,0.0,0.0,0.0,-,(28.6),-,(15.7)
2024-05-08,0.0,0.0,11.5,0.0,0.0,0.0,0.0,0.0,0.0,-,0.0,-,11.5
2024-05-09,14.2,2.7,6.8,4.4,2.2,1.8,0.0,0.0,0.0,-,(43.4),-,(11.3)
2024-05-10,12.4,5.3,0.0,0.0,0.0,0.0,0.0,0.0,0.6,-,(103.0),-,(84.7)
2024-05-13,0.0,38.6,20.3,0.0,0.0,0.0,0.0,7.1,0.0,-,0.0,-,66.0
2024-05-14,0.0,8.1,0.0,133.1,5.5,1.8,1.2,1.7,0.0,-,(50.9),-,100.5
2024-05-15,0.0,131.3,86.3,38.6,4.6,1.9,3.7,7.5,2.1,-,27.0,-,303.0
2024-05-16,93.7,67.1,1.4,62.0,6.2,3.8,18.5,0.0,0.0,-,4.6,-,257.3
2024-05-17,38.1,99.4,20.8,10.0,5.7,0.0,6.4,9.5,0.0,-,31.6,-,221.5
2024-05-20,66.4,64.0,24.0,68.3,0.0,0.0,0.0,0.0,5.2,-,9.3,-,237.2
2024-05-21,290.0,25.8,(4.2),0.0,0.0,0.0,0.0,(5.9),0.0,-,0.0,-,305.7
2024-05-22,92.0,74.6,0.0,3.5,0.0,0.0,0.0,0.0,0.0,-,(16.1),-,154.0
2024-05-23,89.0,19.1,0.0,2.0,2.0,0.0,0.0,9.5,0.0,-,(13.7),-,107.9
2024-05-24,182.1,43.7,6.4,4.1,0.0,0.0,0.0,15.6,0.0,-,0.0,-,251.9
2024-05-27,-,-,-,-,-,-,-,-,-,-,-,-,0.0
2024-05-28,102.5,34.3,3.3,4.1,3.4,0.0,1.2,0.0,1.4,-,(105.2),-,45.0
2024-05-29,24.6,17.7,11.0,4.0,1.0,0.0,0.0,0.0,1.1,-,(31.1),-,28.3
2024-05-30,1.6,119.1,25.9,(99.9),2.1,0.0,0.0,0.0,0.0,-,0.0,-,48.8
2024-05-31,169.1,5.9,0.0,0.0,0.0,0.0,0.0,(1.9),0.0,-,(124.3),-,48.8
2024-06-03,0.0,77.0,14.3,10.7,0.0,0.0,0.0,2.0,1.1,-,0.0,-,105.1
2024-06-04,274.4,378.7,61.0,138.7,0.0,0.0,1.6,4.0,0.0,-,28.2,-,886.6
2024-06-05,155.4,220.6,18.5,71.4,3.6,0.0,0.0,4.0,0.0,-,14.6,-,488.1
2024-06-06,349.9,3.1,(3.1),(96.6),0.0,0.0,0.0,2.0,0.0,-,(37.6),-,217.7
2024-06-07,168.3,0.0,(7.9),6.9,0.0,0.0,0.0,0.0,0.0,-,(36.3),-,131.0
2024-06-10,6.3,(3.0),7.6,0.0,(20.5),0.0,(15.8),0.0,0.0,-,(39.5),-,(64.9)
2024-06-11,0.0,(7.4),(11.7),(56.5),0.0,0.0,0.0,(3.8),0.0,-,(121.0),-,(200.4)
2024-06-12,15.6,50.6,14.5,8.5,0.0,0.0,0.0,11.6,0.0,-,0.0,-,100.8
2024-06-13,18.2,(106.4),(9.8),(52.7),(2.7),0.0,0.0,(11.3),0.0,-,(61.5),-,(226.2)
2024-06-14,1.5,(80.1),(7.1),(49.0),(2.9),0.0,0.0,0.0,0.0,-,(52.3),-,(189.9)
2024-06-17,0.0,(92.0),2.9,(50.0),0.0,0.0,0.0,(3.8),0.0,-,(3.0),-,(145.9)
2024-06-18,0.0,(83.1),(7.0),0.0,0.0,0.0,0.0,0.0,0.0,-,(62.3),-,(152.4)
2024-06-19,-,-,-,-,-,-,-,-,-,-,-,-,0.0
2024-06-20,1.5,(51.1),(31.5),0.0,(2.0),0.0,0.0,(3.7),0.0,-,(53.1),-,(139.9)
2024-06-21,0.0,(44.8),0.0,(28.8),0.0,1.9,0.0,0.0,0.0,-,(34.2),-,(105.9)
2024-06-24,0.0,(35.2),(8.2),(7.2),(2.4),(20.9),0.0,(10.2),0.0,-,(90.4),-,(174.5)
2024-06-25,0.0,48.8,15.2,(6.2),0.0,0.0,0.0,3.5,0.0,-,(30.3),-,31.0
2024-06-26,0.0,18.6,0.0,(4.9),0.0,0.0,0.0,3.4,0.0,-,4.3,-,21.4
2024-06-27,0.0,6.7,8.0,1.8,3.1,3.6,0.0,0.0,0.0,-,(11.4),-,11.8
2024-06-28,82.4,(25.0),0.0,42.8,0.0,0.0,0.0,0.0,0.0,-,(27.2),-,73.0
2024-07-01,0.0,65.0,41.4,12.7,3.2,1.8,0.0,5.4,0.0,-,0.0,-,129.5
2024-07-02,14.1,5.4,(6.8),2.5,0.0,0.0,0.0,3.5,0.0,-,(32.4),-,(13.7)
2024-07-03,0.0,6.5,0.0,0.0,0.0,0.0,0.0,0.0,0.0,-,(27.0),-,(20.5)
2024-07-04,-,-,-,-,-,-,-,-,-,-,-,-,0.0
2024-07-05,0.0,117.4,30.2,11.3,0.0,0.0,0.0,12.8,0.0,-,(28.6),-,143.1
2024-07-08,187.2,61.5,11.0,8.4,0.0,0.0,0.0,1.6,0.0,-,25.1,-,294.8
2024-07-09,121.0,91.0,(4.7),43.3,0.0,0.0,0.0,3.3,0.0,-,(37.5),-,216.4
2024-07-10,22.2,57.8,4.7,5.7,9.5,31.7,20.7,3.3,0.0,-,(8.2),-,147.4
2024-07-11,72.1,32.7,7.5,4.3,0.0,0.0,0.0,0.0,0.0,-,(37.7),-,78.9
2024-07-12,120.0,115.1,28.4,13.0,4.0,0.0,0.0,6.6,0.0,-,23.0,-,310.1
2024-07-15,117.2,36.1,15.2,117.2,7.9,3.7,0.0,3.6,0.0,-,0.0,-,300.9
2024-07-16,260.2,61.1,17.3,29.8,20.5,9.4,2.2,22.0,0.0,-,0.0,-,422.5
2024-07-17,110.4,2.8,(6.0),0.0,0.0,0.0,0.0,0.0,0.0,-,(53.9),-,53.3
2024-07-18,102.7,2.8,0.0,(47.6),0.0,0.0,0.0,1.8,0.0,-,(22.5),-,37.2
2024-07-19,116.2,141.0,44.6,43.6,6.4,3.9,7.6,41.8,1.8,-,20.3,-,427.2
2024-07-22,526.7,23.7,(47.7),0.0,13.7,7.9,0.0,(38.4),0.0,-,0.0,-,485.9
2024-07-23,71.9,0.0,(70.3),(52.3),0.0,0.0,0.0,0.0,0.0,-,(27.3),-,(78.0)
2024-07-24,66.0,1.4,0.0,3.3,0.0,0.0,0.0,0.0,0.0,-,(26.2),-,44.5
2024-07-25,70.7,0.0,0.0,0.0,0.0,0.0,0.0,0.0,0.0,-,(39.6),-,31.1
2024-07-26,23.2,4.5,31.4,0.0,0.0,0.0,0.0,19.2,0.0,-,(26.5),-,51.8
2024-07-29,205.6,(5.9),(21.3),0.0,0.0,0.0,0.0,0.0,0.0,-,(54.3),-,124.1
2024-07-30,74.9,(2.9),(3.2),(7.9),0.0,0.0,0.0,(5.6),0.0,-,(73.6),-,(18.3)
2024-07-31,21.0,(31.6),(2.5),(4.6),0.0,0.0,0.0,0.0,0.0,-,0.0,18.0,0.3
2024-08-01,25.9,(48.4),(20.7),(22.4),0.0,0.0,0.0,(3.6),0.0,-,(71.3),191.1,50.6
2024-08-02,42.8,(104.1),(29.4),(87.7),0.0,0.0,0.0,(23.0),0.0,-,(45.9),9.9,(237.4)
2024-08-05,0.0,(58.0),2.9,(69.0),0.0,0.0,0.0,3.0,0.0,-,(69.1),21.8,(168.4)
2024-08-06,0.0,(64.5),0.0,(28.9),0.0,(23.0),0.0,0.0,0.0,-,(32.2),0.0,(148.6)
2024-08-07,52.5,0.0,3.0,0.0,0.0,0.0,0.0,0.0,10.5,-,(30.6),9.7,45.1
2024-08-08,157.6,65.2,0.0,32.8,0.0,0.0,0.0,3.4,118.5,-,(182.9),0.0,194.6
2024-08-09,9.6,(19.8),(18.1),0.0,0.0,0.0,0.0,0.0,0.0,-,(77.0),15.6,(89.7)
2024-08-12,13.4,0.0,(17.1),35.4,0.0,0.0,0.0,0.0,0.0,-,(11.8),7.9,27.8
2024-08-13,34.6,22.6,16.5,(6.1),0.0,0.0,0.0,0.0,0.0,-,(28.6),0.0,39.0
2024-08-14,2.7,(18.0),(5.8),(6.8),0.0,3.4,0.0,0.0,0.0,-,(56.9),0.0,(81.4)
2024-08-15,0.0,16.2,6.2,0.0,0.0,0.0,0.0,0.0,0.0,-,(25.0),13.7,11.1
2024-08-16,20.4,61.3,12.0,13.4,0.0,1.7,0.0,0.0,0.0,-,(72.9),0.0,35.9
2024-08-19,92.7,3.9,(25.7),0.0,(8.8),0.0,0.0,0.0,0.0,-,0.0,0.0,62.1
2024-08-20,55.4,0.0,(6.5),51.9,0.0,0.0,0.0,0.0,0.0,-,(12.8),0.0,88.0
2024-08-21,8.4,10.7,10.0,0.0,2.5,3.5,0.0,0.0,0.0,-,(9.8),14.2,39.5
2024-08-22,75.5,9.2,(11.5),7.8,0.0,0.0,0.0,3.4,4.8,-,(28.4),4.0,64.8
2024-08-23,86.8,64.0,42.3,23.8,3.2,0.0,2.3,14.4,0.0,-,(35.6),50.8,252.0
2024-08-26,224.1,(8.3),(16.6),0.0,0.0,5.5,0.0,(7.2),5.1,-,0.0,0.0,202.6
2024-08-27,0.0,0.0,(6.8),(102.0),0.0,0.0,0.0,0.0,0.0,-,(18.3),0.0,(127.1)
2024-08-28,0.0,(10.4),(8.7),(59.3),0.0,0.0,0.0,(10.1),0.0,-,(8.0),(8.8),(105.3)
2024-08-29,(13.5),(31.1),(8.1),5.3,0.0,0.0,(1.7),0.0,0.0,-,(22.7),0.0,(71.8)
2024-08-30,0.0,(12.9),(16.4),(65.0),(11.1),0.0,0.0,0.0,0.0,-,(70.2),0.0,(175.6)
2024-09-02,-,-,-,-,-,-,-,-,-,-,-,-,0.0
2024-09-03,0.0,(162.3),(25.0),(33.6),(2.3),(8.4),(2.5),(3.3),0.0,-,(50.4),0.0,(287.8)
2024-09-04,0.0,(7.6),9.5,0.0,0.0,0.0,0.0,(4.9),0.0,-,(34.2),0.0,(37.2)
2024-09-05,0.0,(149.5),(30.0),0.0,0.0,0.0,0.0,0.0,0.0,-,(23.2),(8.4),(211.1)
2024-09-06,0.0,(85.5),(14.3),(7.2),0.0,0.0,(4.6),0.0,0.0,-,(52.9),(5.5),(170.0)
2024-09-09,(9.1),28.6,22.0,6.8,3.1,0.0,0.0,0.0,0.0,-,(22.8),0.0,28.6
2024-09-10,0.0,63.2,0.0,12.7,0.0,0.0,0.0,0.0,0.0,-,0.0,41.1,117.0
2024-09-11,0.0,12.6,0.0,(54.0),2.6,0.0,0.0,0.0,0.0,-,(4.6),(0.5),(43.9)
2024-09-12,0.0,11.5,2.2,18.3,0.0,3.4,0.0,4.9,0.0,-,(6.5),5.2,39.0
2024-09-13,0.0,102.1,43.1,99.3,0.0,5.2,1.7,5.1,0.0,-,6.7,0.0,263.2
2024-09-16,15.8,5.1,0.0,0.0,0.0,5.0,0.0,4.9,0.0,-,(20.8),2.8,12.8
2024-09-17,0.0,56.6,45.4,42.2,10.2,8.7,0.0,20.5,3.2,-,0.0,0.0,186.8
2024-09-18,0.0,0.0,(3.9),(43.4),0.0,0.0,0.0,0.0,0.0,-,(8.1),2.7,(52.7)
2024-09-19,0.0,49.9,10.4,81.1,0.0,7.4,0.0,0.0,0.0,-,0.0,9.5,158.3
2024-09-20,0.0,26.1,15.1,22.0,3.1,0.0,5.2,7.1,0.0,-,0.0,13.4,92.0
2024-09-23,11.5,24.9,0.0,0.0,0.0,0.0,0.0,0.0,0.0,-,(40.3),8.4,4.5
2024-09-24,98.9,16.8,17.4,0.0,0.0,0.0,0.0,0.0,0.0,-,0.0,2.9,136.0
2024-09-25,184.4,(33.2),2.1,(47.4),0.0,0.0,0.0,0.0,0.0,-,0.0,0.0,105.9
2024-09-26,93.4,74.0,50.4,113.8,6.5,5.7,4.6,22.1,0.0,-,(7.7),2.9,365.7
2024-09-27,110.8,123.6,12.9,203.1,3.3,0.0,3.3,11.2,0.0,-,26.2,0.0,494.4
2024-09-30,72.2,8.3,(9.7),(9.5),0.0,0.0,0.0,0.0,0.0,-,0.0,0.0,61.3
2024-10-01,40.8,(144.7),(32.7),(84.3),0.0,0.0,0.0,(15.8),0.0,-,(5.9),0.0,(242.6)
2024-10-02,(13.7),21.1,(11.5),(60.3),0.0,0.0,0.0,0.0,0.0,-,(27.3),0.0,(91.7)
2024-10-03,36.0,(37.2),2.6,(58.0),2.4,0.0,0.0,0.0,0.0,-,0.0,0.0,(54.2)
2024-10-04,0.0,13.6,15.3,5.3,0.0,0.0,0.0,5.3,0.0,-,(13.9),0.0,25.6
2024-10-07,97.9,103.7,13.1,12.6,2.5,0.0,0.0,5.4,0.0,-,0.0,0.0,235.2
2024-10-08,39.6,(48.8),0.0,0.0,0.0,0.0,0.0,0.0,0.0,-,(9.4),0.0,(18.6)
2024-10-09,13.9,0.0,(10.0),(44.5),0.0,0.0,0.0,0.0,0.0,-,0.0,0.0,(40.6)
2024-10-10,(10.8),(33.8),(6.2),(30.3),0.0,0.0,0.0,0.0,0.0,-,(18.5),(21.2),(120.8)
2024-10-11,0.0,117.1,38.8,97.6,7.9,0.0,0.0,14.3,0.0,-,(22.1),0.0,253.6
2024-10-14,79.5,239.3,100.2,69.8,4.9,5.7,2.8,11.2,0.0,-,37.8,4.7,555.9
2024-10-15,288.8,35.0,0.7,14.7,0.0,0.0,0.0,7.6,2.8,-,8.0,13.4,371.0
2024-10-16,393.4,14.8,12.9,11.5,6.4,11.8,1.9,5.8,0.0,-,0.0,0.0,458.5
2024-10-17,309.0,11.7,0.0,100.2,0.0,3.9,0.0,0.0,0.0,-,45.7,0.0,470.5
2024-10-18,70.4,18.0,36.0,109.9,16.1,0.0,0.0,23.3,0.0,-,0.0,0.0,273.7
2024-10-21,329.0,5.9,(22.1),(6.1),0.0,0.0,0.0,(7.6),0.0,-,(4.8),0.0,294.3
2024-10-22,43.0,8.8,0.0,(134.7),0.0,0.0,0.0,3.8,0.0,-,0.0,0.0,(79.1)
2024-10-23,317.5,0.0,(25.2),(99.0),0.0,0.0,0.0,(5.6),0.0,-,0.0,4.7,192.4
2024-10-24,165.5,0.0,29.6,0.0,0.0,0.0,0.0,0.0,0.0,-,(7.1),0.0,188.0
2024-10-25,292.0,56.9,2.5,33.4,0.0,0.0,0.0,11.3,0.0,-,0.0,5.9,402.0
2024-10-28,315.2,44.1,38.7,59.8,0.0,0.0,0.0,0.0,0.0,-,0.0,21.6,479.4
2024-10-29,642.9,133.9,52.5,12.4,0.0,0.0,0.0,16.5,0.0,-,(17.3),29.2,870.1
2024-10-30,872.0,12.6,(23.9),7.2,7.2,0.0,6.1,4.1,0.0,-,0.0,8.0,893.3
2024-10-31,318.8,(75.2),(74.0),(94.2),0.0,0.0,1.9,(13.9),0.0,-,(31.1),0.0,32.3
2024-11-01,0.0,(25.6),(5.6),(24.1),0.0,0.0,(1.7),(5.9),0.0,-,(5.5),13.5,(54.9)
2024-11-04,38.4,(169.6),(79.8),(138.3),0.0,(17.6),(5.7),(15.3),0.0,-,(63.7),(89.5),(541.1)
2024-11-05,(44.2),(68.2),19.3,(12.5),0.0,(6.0),(1.3),(3.9),0.0,-,0.0,0.0,(116.8)
2024-11-06,(69.1),308.8,100.9,127.0,0.0,0.0,(2.6),17.2,0.0,-,30.9,108.8,621.9
2024-11-07,"1,119.9",190.9,13.4,17.6,0.0,0.0,0.0,4.3,0.0,-,7.3,20.4,"1,373.8"
2024-11-08,206.1,33.5,23.0,0.0,0.0,17.8,0.0,13.0,0.0,-,0.0,0.0,293.4
2024-11-11,756.5,135.1,42.7,108.6,8.7,10.1,0.0,0.0,0.0,-,24.2,28.2,"1,114.1"
2024-11-12,778.3,37.2,0.0,(5.4),0.0,0.0,0.0,10.1,0.0,-,(17.8),15.1,817.5
2024-11-13,230.8,186.1,12.3,14.5,0.0,0.0,0.0,5.1,0.0,-,0.0,61.3,510.1
2024-11-14,126.5,(179.2),(113.9),(161.7),0.0,0.0,0.0,2.5,0.0,-,(69.6),(5.3),(400.7)
2024-11-15,0.0,(175.1),(7.4),(108.6),0.0,0.0,(1.7),(7.7),0.0,-,(22.5),(47.0),(370.0)
2024-11-18,89.3,60.0,24.4,13.2,0.0,0.0,0.0,7.7,0.0,-,5.8,54.4,254.8
2024-11-19,216.1,256.1,52.8,267.3,0.0,0.0,0.0,7.9,0.0,-,16.2,13.1,829.5
2024-11-20,626.5,133.9,9.2,3.8,0.0,0.0,0.0,0.0,0.0,-,0.0,-,773.4
2024-11-21,608.4,301.0,68.0,17.2,0.0,5.7,0.0,5.6,0.0,-,(7.8),7.0,"1,005.1"
2024-11-22,513.2,21.7,0.0,0.0,5.0,0.0,6.2,5.6,0.0,-,(67.1),5.7,490.3
2024-11-25,267.8,(134.7),(280.7),(110.9),(10.9),0.0,0.0,(8.1),0.0,-,(158.2),0.4,(435.3)
2024-11-26,0.0,(95.7),6.5,0.0,(2.3),0.0,0.0,0.0,0.0,-,(36.1),4.8,(122.8)
2024-11-27,0.0,40.2,48.0,0.0,0.0,2.8,0.0,0.0,0.0,-,0.0,12.0,103.0
2024-11-28,-,-,-,-,-,-,-,-,-,-,-,-,0.0
2024-11-29,137.5,106.5,26.5,7.8,0.0,0.0,0.0,33.1,0.0,-,0.0,8.6,320.0
2024-12-02,338.3,25.1,0.0,17.2,0.0,5.6,0.0,(10.9),0.0,-,(28.1),6.4,353.6
2024-12-03,693.3,52.2,7.8,(93.5),0.0,0.0,0.0,16.2,0.0,-,0.0,0.0,676.0
2024-12-04,571.7,17.3,6.4,0.0,0.0,0.0,0.0,0.0,0.0,-,(94.3),55.7,556.8
2024-12-05,770.5,47.5,(10.2),12.3,0.0,0.0,0.0,0.0,0.0,-,(148.8),95.4,766.7
2024-12-06,257.0,120.2,0.0,24.9,0.0,0.0,0.0,0.0,0.0,-,(32.3),6.8,376.6
2024-12-09,394.1,175.5,(39.0),(34.3),0.0,0.0,0.0,0.0,0.0,-,(24.4),7.2,479.1
2024-12-10,295.6,210.5,0.0,5.8,(11.6),0.0,0.0,(5.4),0.0,-,(62.8),6.4,438.5
2024-12-11,0.0,121.9,12.2,52.7,0.0,0.0,(2.4),2.9,0.0,-,20.1,15.7,223.1
2024-12-12,431.6,30.5,61.4,9.0,0.0,0.0,0.0,0.0,2.6,-,(48.4),110.8,597.5
2024-12-13,393.0,60.0,33.2,28.4,0.0,0.0,0.0,8.6,7.0,-,(105.8),4.5,428.9
2024-12-16,418.2,116.1,30.7,47.7,0.0,0.0,0.0,0.0,0.0,-,17.6,6.6,636.9
2024-12-17,741.4,(128.2),(24.4),(17.0),0.0,0.0,0.0,3.0,0.0,-,(84.7),3.8,493.9
2024-12-18,359.6,0.0,(16.6),(6.6),(25.2),0.0,0.0,0.0,0.0,-,(35.9),0.0,275.3
2024-12-19,0.0,(208.5),(43.6),(108.4),(26.0),0.0,0.0,(10.9),2.0,-,(87.9),(188.6),(671.9)
2024-12-20,(72.7),(71.9),0.0,(87.0),0.0,5.6,0.0,0.0,0.0,-,(57.4),6.4,(277.0)
2024-12-23,31.7,(146.0),(23.7),(15.7),(25.6),0.0,0.0,(2.6),0.0,-,(38.4),(6.2),(226.5)
2024-12-24,(188.7),(83.2),8.5,(75.0),0.0,0.0,0.0,0.0,0.0,-,0.0,0.0,(338.4)
2024-12-25,-,-,-,-,-,-,-,-,-,-,-,-,0.0
2024-12-26,56.5,254.4,(8.3),186.9,0.0,0.0,0.0,2.7,0.0,-,(24.2),7.2,475.2
2024-12-27,79.4,(208.2),(36.0),(112.6),(14.2),0.0,0.0,0.0,0.0,-,3.7,0.0,(287.9)
2024-12-30,(36.5),(154.6),(31.4),(26.4),0.0,0.0,0.0,0.0,0.0,-,(134.5),(31.7),(415.1)
2024-12-31,(23.5),36.8,8.7,(11.2),0.0,0.0,0.0,0.0,0.0,-,(9.6),4.1,5.3
2025-01-01,-,-,-,-,-,-,-,-,-,-,-,-,0.0
2025-01-02,(332.6),36.2,48.3,16.5,0.0,0.0,0.0,5.5,0.0,-,(23.1),6.9,(242.3)
2025-01-03,253.1,357.0,61.1,222.6,0.0,0.0,0.0,5.6,0.0,-,0.0,8.7,908.1
2025-01-06,209.1,370.2,71.2,152.9,0.0,8.9,0.0,17.3,0.0,-,73.8,75.2,978.6
2025-01-07,596.1,(86.3),(113.8),(212.6),0.0,(5.6),0.0,0.0,0.0,-,(125.4),0.0,52.4
2025-01-08,(124.0),(258.7),(11.3),(148.3),(9.4),(8.2),0.0,0.0,0.0,-,(8.9),0.0,(568.8)
2025-01-09,-,-,-,-,-,-,-,-,-,-,-,-,0.0
2025-01-10,(183.6),16.6,(1.6),5.7,0.0,0.0,0.0,0.0,0.0,-,13.5,0.0,(149.4)
2025-01-13,29.5,(113.6),(18.6),(92.4),0.0,0.0,0.0,0.0,0.0,-,(89.0),0.0,(284.1)
2025-01-14,(219.5),0.0,(8.9),2.9,0.0,0.0,0.0,5.5,10.2,-,0.0,0.0,(209.8)
2025-01-15,31.9,463.1,32.7,138.8,4.5,2.9,0.0,17.0,0.0,-,50.5,13.7,755.1
2025-01-16,527.9,4.4,2.7,155.4,0.0,0.0,0.0,5.7,0.0,-,(70.0),0.0,626.1
2025-01-17,375.9,326.3,208.1,97.2,6.3,0.0,0.0,11.9,4.5,-,20.8,21.8,"1,072.8"
2025-01-20,-,-,-,-,-,-,-,-,-,-,-,-,0.0
2025-01-21,661.9,7.0,(17.4),8.5,0.0,6.2,0.0,0.0,0.0,-,0.0,136.4,802.6
2025-01-22,344.3,0.0,(34.7),(13.0),0.0,0.0,0.0,0.0,0.0,-,(47.9),0.0,248.7
2025-01-23,154.6,9.2,42.1,8.4,12.4,0.0,0.0,0.0,0.0,-,(49.9),11.9,188.7
2025-01-24,155.7,186.1,(8.6),168.7,0.0,0.0,0.0,0.0,2.8,-,0.0,13.0,517.7
2025-01-27,63.9,(268.6),(88.6),(50.1),0.0,0.0,0.0,(5.7),0.0,-,(108.5),0.0,(457.6)
2025-01-28,30.1,0.0,0.0,(11.7),0.0,0.0,0.0,0.0,0.0,-,0.0,0.0,18.4
2025-01-29,(28.4),18.2,(4.0),0.0,0.0,0.0,0.0,0.0,0.0,-,0.0,106.2,92.0
2025-01-30,321.5,209.1,23.0,12.6,5.2,6.1,0.0,6.0,0.0,-,0.0,4.6,588.1
2025-01-31,363.8,0.0,(56.0),35.6,0.0,0.0,0.0,5.8,0.0,-,(30.6),0.0,318.6
2025-02-03,0.0,(177.6),(5.5),(50.7),0.0,0.0,0.0,(8.6),0.0,-,8.0,0.0,(234.4)
2025-02-04,249.0,0.0,16.1,56.1,0.0,0.0,0.0,0.0,0.0,-,19.5,0.0,340.7
2025-02-05,44.4,10.6,0.0,0.0,0.0,0.0,0.0,0.0,11.4,-,0.0,0.0,66.4
2025-02-06,0.0,(103.2),0.0,0.0,0.0,0.0,0.0,0.0,0.0,-,(42.2),5.2,(140.2)
2025-02-07,21.9,52.5,10.5,59.0,0.0,5.6,0.0,21.8,0.0,-,0.0,0.0,171.3
2025-02-10,55.4,(136.1),0.0,0.0,(34.0),(19.8),0.0,(5.5),0.0,-,(46.3),0.0,(186.3)
2025-02-11,23.8,(43.6),(9.3),0.0,(9.5),(11.0),0.0,0.0,(7.1),-,0.0,0.0,(56.7)
2025-02-12,(22.1),(102.0),(25.9),(97.0),(9.7),0.0,(3.7),0.0,0.0,-,(6.9),16.3,(251.0)
2025-02-13,26.2,(94.5),(15.7),(52.7),(4.8),(8.4),0.0,(1.0),0.0,-,(6.9),0.0,(157.8)
2025-02-14,22.3,94.0,8.0,(13.2),0.0,0.0,0.0,(4.4),0.0,-,(47.0),6.5,66.2
2025-02-17,-,-,-,-,-,-,-,-,-,-,-,-,0.0
2025-02-18,68.4,(16.4),(112.7),0.0,0.0,0.0,0.0,0.0,0.0,-,0.0,0.0,(60.7)
2025-02-19,0.0,(48.4),0.0,(8.7),0.0,0.0,(9.3),(4.8),0.0,-,0.0,0.0,(71.2)
2025-02-20,(112.0),(88.2),24.1,(98.3),0.0,0.0,0.0,4.2,0.0,-,(33.5),(61.1),(364.8)
2025-02-21,21.6,(12.5),(16.6),0.0,0.0,0.0,0.0,4.7,0.0,-,(60.1),0.0,(62.9)
2025-02-24,(158.6),(247.0),(10.3),(22.6),(15.0),0.0,(26.9),(7.3),(12.5),-,(59.5),(6.2),(565.9)
2025-02-25,(164.4),(344.7),(88.3),(126.2),(62.0),(74.1),(74.8),(10.0),(17.3),-,(66.1),(85.8),"(1,113.7)"
2025-02-26,(418.1),(145.7),(13.6),(60.5),(16.8),(9.7),(3.2),0.0,(11.5),-,(22.7),(56.0),(757.8)
2025-02-27,(189.0),(7.3),17.6,0.0,0.0,(7.2),(12.8),(10.6),(53.8),-,(7.3),(5.5),(275.9)
2025-02-28,(244.6),176.0,4.6,193.7,0.0,0.0,0.0,(7.7),0.0,-,(33.3),5.6,94.3
2025-03-03,(78.0),0.0,0.0,58.2,0.0,0.0,0.0,0.0,0.0,-,(54.4),0.0,(74.2)
2025-03-04,0.0,(46.1),(24.0),(43.9),(16.5),(35.7),0.0,0.0,(13.1),-,0.0,35.8,(143.5)
2025-03-05,38.9,0.0,(6.9),0.0,(9.9),0.0,(60.4),0.0,0.0,-,0.0,0.0,(38.3)
2025-03-06,(50.6),0.0,0.0,(17.8),0.0,(18.0),0.0,(8.2),(5.2),-,(34.5),0.0,(134.3)
2025-03-07,(39.9),(154.9),(18.6),(160.0),0.0,0.0,0.0,0.6,0.0,-,(36.5),0.0,(409.3)
2025-03-10,(89.2),(134.0),(6.8),(90.9),(14.2),(13.6),(3.2),0.0,0.0,-,(20.6),0.0,(372.5)
2025-03-11,(151.3),(107.1),(9.1),0.0,(14.9),(33.7),(28.7),(0.6),(15.4),-,(35.5),0.0,(396.3)
2025-03-12,(47.1),0.0,0.0,82.6,(12.4),0.0,0.0,0.0,(3.5),-,(11.8),5.5,13.3
2025-03-13,45.7,(75.5),(11.0),(60.2),0.0,(7.0),(8.2),0.0,(14.5),-,(12.7),0.0,(143.4)
2025-03-14,(96.2),9.2,23.0,100.5,0.0,0.0,0.0,4.8,0.0,-,0.0,0.0,41.3
2025-03-17,42.3,127.3,2.3,88.5,0.0,0.0,0.0,0.0,0.0,-,0.0,14.2,274.6
2025-03-18,218.1,0.0,0.0,(9.0),0.0,0.0,0.0,0.0,0.0,-,0.0,0.0,209.1
2025-03-19,0.0,0.0,12.1,0.0,(10.2),0.0,0.0,0.0,0.0,-,5.4,4.5,11.8
2025-03-20,172.1,9.2,(17.4),0.0,0.0,(7.3),0.0,11.9,0.0,-,(8.0),5.2,165.7
2025-03-21,105.0,0.0,0.0,0.0,0.0,0.0,0.0,0.0,0.0,-,(21.9),0.0,83.1
2025-03-24,18.1,82.9,19.2,(41.0),0.0,0.0,(4.5),5.0,0.0,-,0.0,0.0,79.7
2025-03-25,42.0,0.0,(10.1),0.0,0.0,0.0,0.0,0.0,(5.1),-,0.0,0.0,26.8
2025-03-26,107.9,0.0,(18.3),0.0,0.0,0.0,0.0,0.0,0.0,-,0.0,0.0,89.6
2025-03-27,4.0,97.1,0.0,0.0,(7.0),0.0,(7.3),0.0,(5.1),-,0.0,0.0,81.7
2025-03-28,0.0,(93.2),0.0,0.0,0.0,0.0,(1.7),0.0,0.0,-,0.0,0.0,(94.9)
2025-03-31,15.1,0.0,(19.9),(23.2),0.0,0.0,(10.6),0.0,(32.6),-,0.0,0.0,(71.2)
2025-04-01,0.0,(85.4),24.5,(87.4),0.0,7.4,0.0,0.0,(6.8),-,(10.1),0.0,(157.8)
2025-04-02,(115.9),118.8,33.4,130.2,0.0,10.0,2.7,7.3,0.0,-,0.0,34.3,220.8
2025-04-03,65.3,(23.3),(44.2),(20.0),0.0,0.0,0.0,(12.2),(5.2),-,(60.2),0.0,(99.8)
2025-04-04,0.0,0.0,(17.9),(21.8),0.0,0.0,0.0,0.0,0.0,-,(25.2),0.0,(64.9)
2025-04-07,0.0,0.0,0.0,(4.7),(12.9),0.0,(5.3),(6.1),(6.2),-,(74.0),0.0,(109.2)
2025-04-08,(252.9),0.0,(21.7),(19.9),(6.9),(8.9),(1.7),0.0,0.0,-,(8.5),(7.5),(328.0)
2025-04-09,(89.7),0.0,6.7,0.0,0.0,0.0,0.0,(4.7),(5.7),-,(33.8),0.0,(127.2)
2025-04-10,0.0,(74.6),(10.8),(12.7),(7.5),(9.2),0.0,0.0,0.0,-,(44.6),9.9,(149.5)
2025-04-11,0.0,0.0,(12.3),11.3,0.0,0.0,0.0,0.0,0.0,-,0.0,0.0,(1.0)
2025-04-14,36.7,(35.2),0.0,0.0,0.0,0.0,0.0,0.0,0.0,-,0.0,0.0,1.5
2025-04-15,38.2,0.0,11.0,13.4,0.0,4.9,0.0,0.0,0.0,-,0.0,8.9,76.4
2025-04-16,30.6,(113.8),12.8,(113.2),6.7,0.0,1.3,2.4,0.0,-,0.0,3.4,(169.8)
2025-04-17,81.0,25.9,0.0,0.0,0.0,0.0,0.0,0.0,0.0,-,0.0,0.0,106.9
2025-04-18,-,-,-,-,-,-,-,-,-,-,-,-,0.0
2025-04-21,41.6,87.6,45.1,116.1,0.0,10.1,6.1,11.7,0.0,-,36.6,32.5,387.4
2025-04-22,193.5,253.8,76.7,267.1,18.3,10.6,23.8,6.5,0.0,-,65.1,21.1,936.5
2025-04-23,643.2,124.4,(15.2),129.5,0.0,0.0,0.0,5.3,0.0,-,0.0,29.8,917.0
2025-04-24,327.3,0.0,10.2,97.0,7.5,0.0,0.0,0.0,0.0,-,0.0,0.0,442.0
2025-04-25,240.1,108.0,0.0,11.4,0.0,0.0,0.0,8.1,0.0,-,(7.5),19.9,380.0
2025-04-28,970.9,(86.9),(21.1),(226.3),0.0,0.0,0.0,(2.7),0.0,-,(42.7),0.0,591.2
2025-04-29,216.7,(6.2),(24.4),(13.3),0.0,0.0,0.0,0.0,0.0,-,0.0,0.0,172.8
2025-04-30,267.0,(137.5),(23.0),(130.8),0.0,0.0,0.0,0.0,0.0,-,(32.0),0.0,(56.3)
2025-05-01,351.4,29.5,38.4,(87.2),10.6,0.0,0.0,21.9,0.0,-,16.0,41.9,422.5
2025-05-02,674.9,0.0,0.0,0.0,0.0,0.0,0.0,0.0,0.0,-,0.0,0.0,674.9
2025-05-05,531.2,(57.8),(22.7),(6.1),0.0,(2.7),0.0,0.0,0.0,-,(16.4),0.0,425.5
2025-05-06,36.7,0.0,0.0,(16.1),0.0,(8.3),0.0,(8.1),0.0,-,(89.9),0.0,(85.7)
2025-05-07,37.2,39.9,10.5,54.7,0.0,0.0,0.0,0.0,0.0,-,0.0,0.0,142.3
2025-05-08,69.0,35.3,0.0,13.1,0.0,0.0,0.0,0.0,0.0,-,0.0,0.0,117.4
2025-05-09,356.2,45.0,(14.6),0.0,0.0,0.0,0.0,13.1,0.0,-,(65.2),0.0,334.5
2025-05-12,69.4,(11.1),(17.7),0.0,(2.5),0.0,0.0,0.0,0.0,-,(32.9),0.0,5.2
2025-05-13,0.0,(91.4),0.0,0.0,0.0,0.0,0.0,0.0,0.0,-,0.0,0.0,(91.4)
2025-05-14,232.9,36.1,2.8,5.2,0.0,0.0,0.0,7.3,0.0,-,0.0,35.2,319.5
2025-05-15,409.7,(123.7),0.0,(132.0),0.0,0.0,0.0,0.0,0.0,-,(39.1),0.0,114.9
2025-05-16,129.7,67.9,0.0,58.0,0.0,0.0,0.0,0.0,0.0,-,0.0,4.6,260.2
2025-05-19,305.9,188.1,16.0,155.3,(5.3),0.0,0.0,7.4,0.0,-,0.0,0.0,667.4
2025-05-20,287.5,23.3,5.8,6.4,0.0,0.0,0.0,0.0,0.0,-,0.0,6.2,329.2
2025-05-21,530.6,23.5,20.5,4.3,0.0,0.0,0.0,6.1,0.0,-,0.0,22.1,607.1
2025-05-22,877.2,48.7,0.0,8.9,0.0,0.0,0.0,0.0,0.0,-,0.0,0.0,934.8
2025-05-23,430.8,(73.7),0.0,(73.9),0.0,0.0,0.0,17.7,0.0,-,(89.2),0.0,211.7
2025-05-26,-,-,-,-,-,-,-,-,-,-,-,-,0.0
2025-05-27,409.3,(4.8),1.8,(38.3),0.0,0.0,0.5,7.8,0.0,-,(26.9),36.0,385.4
2025-05-28,481.0,(14.0),0.0,(34.3),0.0,0.0,0.0,0.0,0.0,-,0.0,0.0,432.7
2025-05-29,125.1,(166.3),(70.8),(89.2),(20.0),(6.1),0.0,(12.0),0.0,-,(107.5),0.0,(346.8)
2025-05-30,(430.8),(13.7),(35.3),(120.1),0.0,0.0,0.0,0.0,0.0,-,0.0,(16.2),(616.1)
2025-06-02,(130.4),(50.1),3.4,(73.9),0.0,0.0,0.0,0.0,0.0,-,(16.5),0.0,(267.5)
2025-06-03,58.0,136.8,14.5,139.9,0.0,0.0,0.0,18.8,0.0,-,0.0,7.1,375.1
2025-06-04,284.0,(197.0),0.0,0.0,0.0,0.0,0.0,0.0,0.0,-,0.0,0.0,87.0
2025-06-05,0.0,(80.2),(36.7),(102.0),(12.2),0.0,0.0,(6.5),0.0,-,(24.1),(16.7),(278.4)
2025-06-06,(130.5),22.8,31.8,11.5,0.0,0.0,0.0,7.4,0.0,-,0.0,9.2,(47.8)
2025-06-09,120.9,173.0,68.5,10.8,0.0,0.0,0.0,7.7,0.0,-,0.0,5.3,386.2
2025-06-10,336.7,67.1,(0.6),20.3,7.7,0.0,0.0,0.0,0.0,-,0.0,0.0,431.2
2025-06-11,131.0,11.9,0.0,0.0,0.0,6.3,0.0,15.4,0.0,-,0.0,0.0,164.6
2025-06-12,288.3,(197.2),0.0,(10.7),0.0,0.0,0.0,0.0,0.0,-,5.9,0.0,86.3
2025-06-13,239.0,25.2,14.9,21.0,0.0,0.0,0.0,6.0,0.0,-,9.1,7.5,322.7
2025-06-16,266.6,83.0,41.4,3.6,0.0,0.0,0.0,0.0,0.0,-,12.8,4.8,412.2
2025-06-17,639.2,(208.5),(22.8),(191.4),0.0,0.0,0.0,0.0,0.0,-,0.0,0.0,216.5
2025-06-18,278.9,104.4,11.3,0.0,0.0,0.0,0.0,0.0,0.0,-,(16.4),10.1,388.3
2025-06-19,-,-,-,-,-,-,-,-,-,-,-,-,0.0
2025-06-20,46.9,(40.5),0.0,0.0,0.0,0.0,0.0,0.0,0.0,-,0.0,0.0,6.4
2025-06-23,217.6,105.7,14.6,2.1,6.2,0.0,0.0,0.0,0.0,-,(5.7),10.1,350.6
2025-06-24,436.3,85.2,9.8,43.8,0.0,0.0,0.0,6.0,0.0,-,0.0,7.5,588.6
2025-06-25,340.3,115.2,12.9,70.2,0.0,0.0,0.0,9.1,0.0,-,0.0,0.0,547.7
2025-06-26,163.7,32.9,25.2,1.8,0.0,3.1,0.0,0.0,0.0,-,0.0,0.0,226.7
2025-06-27,153.0,165.5,11.6,150.3,3.7,3.1,0.0,6.0,0.0,-,0.0,8.0,501.2
2025-06-30,112.3,0.0,0.0,(10.2),0.0,0.0,0.0,0.0,0.0,-,0.0,0.0,102.1
2025-07-01,0.0,(172.7),(23.0),(27.0),0.0,0.0,0.0,0.0,0.0,-,(119.5),0.0,(342.2)
2025-07-02,0.0,184.0,64.9,83.0,9.9,9.5,0.0,5.4,0.0,-,34.6,16.5,407.8
2025-07-03,224.5,237.1,15.5,114.2,0.0,0.0,0.0,4.7,0.0,-,0.0,5.8,601.8
2025-07-07,164.6,66.0,0.0,(10.1),0.0,0.0,0.0,0.0,0.0,-,(10.2),6.2,216.5
2025-07-08,66.8,4.8,0.0,0.0,0.0,0.0,3.7,0.0,0.0,-,0.0,4.8,80.1
2025-07-09,125.6,4.8,3.0,57.0,9.5,0.0,0.0,0.0,0.0,-,0.0,15.8,215.7
2025-07-10,448.5,324.3,77.2,268.7,0.0,0.0,0.0,15.2,0.0,-,(40.2),81.9,"1,175.6"
2025-07-11,953.5,0.0,6.4,23.5,5.3,0.0,0.0,20.0,0.0,-,0.0,20.9,"1,029.6"
2025-07-14,394.7,(26.1),7.2,(99.6),0.0,0.0,0.0,8.5,0.0,-,0.0,12.7,297.4
2025-07-15,416.3,(22.9),12.7,(6.2),0.0,6.8,0.0,19.0,0.0,-,(41.2),18.6,403.1
2025-07-16,763.9,10.4,0.0,19.8,0.0,0.0,0.0,0.0,0.0,-,0.0,5.3,799.4
2025-07-17,497.3,7.8,0.0,0.0,7.1,0.0,0.0,5.1,0.0,-,0.0,5.3,522.6
2025-07-18,496.8,(17.9),(1.9),(33.6),0.0,0.0,0.0,(1.7),3.1,-,(81.3),0.0,363.5
2025-07-21,0.0,(12.8),(1.9),(77.5),0.0,0.0,0.0,(2.5),0.0,-,(36.7),0.0,(131.4)
2025-07-22,0.0,0.0,(42.3),(33.2),0.0,0.0,0.0,0.0,0.0,-,7.5,0.0,(68.0)
2025-07-23,142.6,(227.2),(1.9),(9.8),0.0,0.0,0.0,0.0,0.0,-,0.0,10.5,(85.8)
2025-07-24,32.5,106.6,29.8,0.0,0.0,3.5,0.0,46.4,0.0,-,0.0,7.9,226.7
2025-07-25,92.8,10.2,21.0,30.3,0.0,0.0,0.0,18.2,0.0,-,(50.5),8.8,130.8
2025-07-28,147.4,30.9,(14.8),(17.4),0.0,0.0,0.0,0.0,0.0,-,0.0,11.0,157.1
2025-07-29,157.6,0.0,(26.2),(8.2),0.0,0.0,0.0,5.8,0.0,-,(49.0),0.0,80.0
2025-07-30,34.4,0.0,12.7,0.0,0.0,0.0,0.0,0.0,0.0,-,0.0,0.0,47.1
2025-07-31,18.6,(53.6),0.0,(89.9),3.5,6.8,0.0,3.3,0.0,-,(9.2),5.7,(114.8)
2025-08-01,(2.6),(331.4),(38.3),(327.9),(5.1),(6.6),0.0,0.0,0.0,-,(66.8),(33.6),(812.3)
2025-08-04,(292.2),(40.1),18.7,0.0,0.0,0.0,0.0,0.0,0.0,-,(9.9),0.0,(323.5)
2025-08-05,(77.4),(99.1),0.0,0.0,0.0,0.0,0.0,0.0,0.0,-,(19.7),0.0,(196.2)
2025-08-06,41.9,10.1,26.4,(5.4),0.0,0.0,0.0,4.1,0.0,-,14.5,0.0,91.6
2025-08-07,156.6,43.4,17.2,(0.4),0.0,3.4,0.0,21.5,0.0,-,18.5,17.2,277.4
2025-08-08,360.0,30.5,0.0,0.0,0.0,0.0,0.0,0.0,0.0,-,0.0,13.4,403.9
2025-08-11,138.2,13.0,5.2,0.0,0.0,0.0,0.0,0.0,0.0,-,7.5,14.2,178.1
2025-08-12,111.4,0.0,0.0,(23.9),0.0,0.0,0.0,0.0,0.0,-,(21.6),0.0,65.9
2025-08-13,0.0,26.7,7.3,36.6,4.9,0.0,0.0,0.0,0.0,-,0.0,11.4,86.9
2025-08-14,523.7,(113.5),(30.9),(149.9),0.0,0.0,0.0,(5.9),0.0,-,0.0,7.3,230.8
2025-08-15,114.4,0.0,0.0,(46.7),0.0,0.0,0.0,0.0,0.0,-,(81.8),0.0,(14.1)
2025-08-18,(68.7),0.0,12.7,(65.7),0.0,0.0,0.0,0.0,0.0,-,0.0,0.0,(121.7)
2025-08-19,0.0,(246.9),(86.8),(63.3),0.0,(3.3),0.0,0.0,0.0,-,(115.5),(7.5),(523.3)
2025-08-20,(220.0),(7.5),0.6,(75.7),0.0,0.0,(4.3),0.0,0.0,-,(9.0),0.0,(315.9)
2025-08-21,(127.5),(31.8),0.0,(43.3),0.0,3.2,0.0,0.0,0.0,-,0.0,5.0,(194.4)
2025-08-22,(198.8),50.9,12.7,65.7,0.0,13.5,0.0,26.4,0.0,-,6.4,0.0,(23.2)
2025-08-25,63.4,65.6,15.2,61.2,0.0,0.0,0.0,6.3,0.0,-,0.0,7.4,219.1
2025-08-26,45.3,14.5,9.0,4.1,0.0,0.0,0.0,3.9,0.0,-,0.0,11.3,88.1
2025-08-27,50.9,14.7,(3.0),5.6,6.7,6.5,0.0,0.0,0.0,-,0.0,0.0,81.4
2025-08-28,63.7,4.9,25.0,79.8,0.0,0.0,0.0,0.0,0.0,-,0.0,5.5,178.9
2025-08-29,24.6,(66.2),0.0,(72.1),0.0,0.0,0.0,0.0,2.3,-,(15.3),0.0,(126.7)
2025-09-02,72.9,132.7,39.1,71.9,2.2,0.0,0.0,4.7,0.0,-,0.0,9.3,332.8
2025-09-03,289.8,9.8,0.0,(27.9),0.0,0.0,0.0,0.0,0.0,-,0.0,28.8,300.5
2025-09-04,134.8,(117.4),(66.4),(125.5),0.0,(3.2),0.0,(17.9),0.0,-,(22.4),(4.9),(222.9)
2025-09-05,(63.2),0.0,(49.6),0.0,0.0,0.0,0.0,0.0,0.0,-,(47.3),0.0,(160.1)
2025-09-08,25.5,156.5,42.7,89.5,6.7,6.5,0.0,20.6,0.0,-,4.4,11.9,364.3
2025-09-09,169.3,(55.8),(18.2),(72.3),0.0,0.0,0.0,0.0,0.0,-,0.0,0.0,23.0
2025-09-10,211.2,299.0,44.4,145.1,0.0,3.3,0.0,12.0,0.0,-,8.9,17.6,741.5
2025-09-11,366.2,134.7,40.4,0.0,5.7,3.3,0.0,2.4,0.0,-,0.0,0.0,552.7
2025-09-12,264.7,315.2,29.2,19.4,0.0,0.0,0.0,8.2,0.0,-,0.0,5.7,642.4
2025-09-15,261.8,7.5,(18.8),0.0,0.0,3.3,0.0,0.0,0.0,-,0.0,6.1,259.9
2025-09-16,209.2,45.8,(10.8),40.7,0.0,0.0,0.0,7.4,0.0,-,0.0,0.0,292.3
2025-09-17,149.7,(116.0),(12.6),(32.3),0.0,0.0,0.0,0.0,0.0,-,(62.6),22.5,(51.3)
2025-09-18,0.0,97.4,12.8,25.0,3.5,6.8,0.0,6.6,0.0,-,0.0,10.9,163.0
2025-09-19,246.1,0.0,0.0,0.0,0.0,0.0,0.0,0.0,0.0,-,(23.5),0.0,222.6
2025-09-22,0.0,(276.7),0.0,(52.3),0.0,0.0,0.0,(9.5),0.0,-,(24.6),0.0,(363.1)
2025-09-23,2.5,(75.6),(12.8),(27.9),10.0,0.0,0.0,0.0,0.0,-,0.0,0.0,(103.8)
2025-09-24,128.9,29.7,24.7,37.7,0.0,0.0,0.0,6.4,0.0,-,0.0,13.6,241.0
2025-09-25,79.7,(114.8),(80.5),(63.0),0.0,(6.3),0.0,(10.1),0.0,-,(42.9),(15.5),(253.4)
2025-09-26,(37.3),(300.4),(23.8),(17.8),0.0,0.0,0.0,(9.3),0.0,-,(17.1),(12.6),(418.3)
2025-09-29,(46.6),298.7,47.2,62.2,35.3,16.5,0.0,30.7,0.0,-,26.9,47.1,518.0
2025-09-30,199.4,54.7,70.1,105.7,0.0,0.0,0.0,0.0,0.0,-,0.0,0.0,429.9
2025-10-01,405.5,179.3,59.4,5.9,0.0,0.0,0.0,6.6,0.0,-,9.2,9.9,675.8
2025-10-02,466.5,89.6,11.2,45.2,0.0,0.0,0.0,1.7,0.0,-,2.8,10.2,627.2
2025-10-03,791.6,69.6,24.0,35.5,0.0,0.0,0.0,26.0,0.0,-,18.3,20.1,985.1
2025-10-06,970.0,112.3,60.1,0.0,7.5,3.6,0.0,15.1,6.0,-,0.0,30.6,"1,205.2"
2025-10-07,899.4,0.0,0.0,0.0,0.0,0.0,4.8,0.0,0.0,-,(28.6),0.0,875.6
2025-10-08,426.2,0.0,13.4,0.0,0.0,0.0,0.0,0.0,0.0,-,0.0,1.1,440.7
2025-10-09,255.5,(13.2),6.6,(5.6),0.0,0.0,0.0,0.0,0.0,-,(45.5),0.0,197.8
2025-10-10,74.2,(10.2),(37.4),(6.2),0.0,0.0,0.0,0.0,0.0,-,(19.2),(5.7),(4.5)
2025-10-13,60.4,(93.3),(115.6),(21.1),0.0,0.0,0.0,(11.4),0.0,-,(145.4),0.0,(326.4)
2025-10-14,(30.8),132.7,8.0,6.8,0.0,0.0,(14.0),0.0,0.0,-,0.0,0.0,102.7
2025-10-15,(10.1),0.0,0.0,0.0,(11.1),0.0,0.0,0.0,0.0,-,(82.9),0.0,(104.1)
2025-10-16,(29.5),(132.0),(20.6),(275.2),0.0,0.0,0.0,(6.1),0.0,-,(45.0),(22.5),(530.9)
2025-10-17,(268.6),(67.4),0.0,0.0,0.0,0.0,(5.6),0.0,0.0,-,(25.0),0.0,(366.6)
2025-10-20,(100.7),9.7,12.1,0.0,9.9,0.0,0.0,21.2,0.0,-,0.0,7.4,(40.4)
2025-10-21,210.9,34.1,20.1,162.9,8.9,6.5,2.5,17.4,0.0,-,0.0,13.9,477.2
2025-10-22,73.6,(56.6),(10.0),(53.9),0.0,0.0,2.1,0.0,0.0,-,(56.6),0.0,(101.4)
2025-10-23,107.8,7.2,17.4,(55.0),0.0,0.0,0.0,0.0,0.0,-,(60.5),3.4,20.3
2025-10-24,32.7,57.9,0.0,0.0,0.0,0.0,0.0,0.0,0.0,-,0.0,0.0,90.6
2025-10-27,65.3,0.0,0.0,76.4,0.0,0.0,0.0,0.0,0.0,-,0.0,7.6,149.3
2025-10-28,59.6,67.0,0.0,75.8,0.0,0.0,0.0,0.0,0.0,-,0.0,0.0,202.4
2025-10-29,(88.1),(164.4),(6.0),(143.8),0.0,0.0,0.0,0.0,0.0,-,(65.0),(3.4),(470.7)
2025-10-30,(290.9),(46.5),(55.1),(65.6),(8.0),0.0,0.0,(3.8),0.0,-,(10.0),(8.5),(488.4)
2025-10-31,(149.3),(12.0),(17.9),(19.3),0.0,0.0,0.0,0.0,0.0,-,6.9,0.0,(191.6)
2025-11-03,(186.5),0.0,0.0,0.0,0.0,0.0,0.0,0.0,0.0,-,0.0,0.0,(186.5)
2025-11-04,0.0,(356.6),(7.1),(128.1),0.0,(8.7),0.0,(17.0),0.0,-,(48.9),0.0,(566.4)
2025-11-05,(375.5),113.3,17.0,82.9,0.0,0.0,0.0,3.7,0.0,-,0.0,21.6,(137.0)
2025-11-06,112.4,61.6,5.5,60.4,0.0,0.0,0.0,0.0,0.0,-,0.0,0.0,239.9
2025-11-07,(131.4),(256.7),(10.7),(144.2),0.0,0.0,0.0,0.0,0.0,-,(15.4),0.0,(558.4)
2025-11-10,0.0,0.0,1.2,0.0,0.0,0.0,0.0,0.0,0.0,-,0.0,0.0,1.2
2025-11-11,224.2,165.9,7.3,102.5,0.0,0.0,0.0,0.0,0.0,-,0.0,24.1,524.0
2025-11-12,(36.9),(132.9),0.0,(85.2),0.0,0.0,0.0,0.0,0.0,-,(23.1),0.0,(278.1)
2025-11-13,(256.6),(119.9),(47.0),(15.7),(30.8),(5.7),0.0,(8.3),0.0,-,(64.5),(318.2),(866.7)
2025-11-14,(463.1),(2.1),0.0,0.0,0.0,0.0,0.0,0.0,(6.0),-,(25.1),4.2,(492.1)
2025-11-17,(145.6),(12.0),(9.5),(29.7),0.0,0.0,0.0,(23.3),0.0,-,(34.5),0.0,(254.6)
2025-11-18,(523.2),0.0,0.0,0.0,0.0,10.8,0.0,0.0,0.0,-,0.0,139.6,(372.8)
2025-11-19,60.6,(21.4),0.0,0.0,0.0,0.0,0.0,(17.6),0.0,-,0.0,53.8,75.4
2025-11-20,(355.5),(190.4),(21.2),(94.4),0.0,(7.5),0.0,(30.6),0.0,-,(199.4),(4.2),(903.2)
2025-11-21,(122.0),108.0,22.8,39.1,35.8,0.0,0.0,8.3,0.0,-,61.5,84.9,238.4
2025-11-24,(149.1),15.5,(5.8),(11.6),0.0,0.0,0.0,0.0,0.0,-,0.0,0.0,(151.0)
2025-11-25,83.0,170.8,(12.3),(75.9),0.0,0.0,0.0,(36.9),0.0,-,0.0,0.0,128.7
2025-11-26,42.8,(33.3),0.0,6.0,0.0,0.0,0.0,0.0,0.0,-,5.6,0.0,21.1
2025-11-28,(113.7),77.5,0.0,88.0,0.0,0.0,0.0,0.0,0.0,-,10.7,8.9,71.4
2025-12-01,(65.9),67.0,0.0,7.4,0.0,0.0,0.0,0.0,0.0,-,0.0,0.0,8.5
2025-12-02,120.1,21.9,7.4,(90.9),0.0,0.0,0.0,0.0,0.0,-,0.0,0.0,58.5
2025-12-03,42.2,0.0,0.0,(37.1),0.0,0.0,0.0,0.0,0.0,-,(19.6),(0.4),(14.9)
2025-12-04,(113.0),(54.2),(3.0),0.0,0.0,0.0,0.0,(14.3),0.0,-,(10.1),0.0,(194.6)
2025-12-05,(32.5),27.3,4.9,42.8,0.0,0.0,0.0,11.4,0.9,-,0.0,0.0,54.8
2025-12-08,28.8,(39.4),0.0,0.0,0.0,0.0,0.0,(5.8),0.0,-,(44.0),0.0,(60.4)
2025-12-09,(135.4),198.9,16.2,5.3,6.5,8.1,0.0,0.0,1.0,-,17.5,33.8,151.9
2025-12-10,192.9,30.6,0.0,0.0,0.0,0.0,0.0,0.0,0.0,-,0.0,0.0,223.5
2025-12-11,76.7,(103.6),8.4,(16.4),0.0,0.0,0.0,(19.4),0.0,-,(12.2),(11.0),(77.5)
2025-12-12,51.1,(2.0),0.0,0.0,0.0,0.0,0.0,0.0,0.0,-,0.0,0.0,49.1
2025-12-15,0.0,(230.1),(44.3),(34.5),0.0,0.0,0.0,(21.2),0.0,-,(27.5),0.0,(357.6)
2025-12-16,(210.7),26.7,(50.9),(16.9),0.0,0.0,0.0,(18.0),0.0,-,0.0,(7.4),(277.2)
2025-12-17,111.2,391.5,(8.4),(37.0),0.0,0.0,0.0,0.0,0.0,-,0.0,0.0,457.3
2025-12-18,32.8,(170.3),(11.5),(12.3),0.0,0.0,0.0,0.0,0.0,-,0.0,0.0,(161.3)
2025-12-19,(173.6),15.3,0.0,0.0,0.0,0.0,0.0,0.0,0.0,-,0.0,0.0,(158.3)
2025-12-22,6.0,(3.8),(35.0),(21.4),0.0,0.0,0.0,(33.6),0.0,-,(29.0),(25.4),(142.2)
2025-12-23,(157.3),(15.3),(5.7),0.0,0.0,0.0,0.0,0.0,0.0,-,(10.3),0.0,(188.6)
2025-12-24,(91.4),(17.2),(13.3),(9.9),0.0,(5.1),0.0,(8.0),0.0,-,(24.6),(5.8),(175.3)
2025-12-26,(192.6),(74.4),0.0,0.0,0.0,0.0,0.0,0.0,0.0,-,(8.9),0.0,(275.9)
2025-12-29,(7.9),5.7,0.0,(6.7),(10.4),0.0,0.0,0.0,0.0,-,0.0,0.0,(19.3)
2025-12-30,143.7,78.6,13.9,109.6,0.0,0.0,0.0,5.0,0.0,-,0.0,4.3,355.1
2025-12-31,(99.0),(66.6),(13.8),(76.5),0.0,(5.1),0.0,(6.8),0.0,-,(69.1),(11.2),(348.1)
2026-01-02,287.4,88.1,41.5,6.7,4.5,13.0,0.0,8.3,0.0,-,15.4,6.4,471.3
2026-01-05,372.5,191.2,38.5,36.0,15.0,13.6,7.2,5.3,0.0,-,0.0,17.9,697.2
2026-01-06,228.7,(312.2),0.0,(29.5),0.0,0.0,0.0,(14.4),0.0,-,(83.1),(32.7),(243.2)
2026-01-07,(130.0),(247.6),(39.0),(42.3),0.0,0.0,0.0,(11.6),0.0,-,(15.6),0.0,(486.1)
2026-01-08,(193.3),(120.5),3.0,(9.6),0.0,0.0,0.0,0.0,1.9,-,(73.1),(7.2),(398.8)
2026-01-09,(252.0),7.9,(5.9),0.0,0.0,0.0,0.0,0.0,0.0,-,0.0,0.0,(250.0)
2026-01-12,(70.7),111.7,0.0,0.0,0.0,0.0,0.0,6.5,0.0,-,64.3,4.9,116.7
2026-01-13,126.3,351.4,159.4,84.9,0.0,0.0,0.0,10.0,3.0,-,0.0,18.8,753.8
2026-01-14,648.4,125.4,10.6,27.0,0.0,5.6,0.0,8.3,0.0,-,15.3,0.0,840.6
2026-01-15,315.8,(188.9),0.0,0.0,0.0,0.0,3.0,0.0,0.0,-,(36.4),6.7,100.2
2026-01-16,15.1,(205.2),(90.4),(69.4),0.0,0.0,0.0,0.0,0.0,-,(44.8),0.0,(394.7)
2026-01-20,(56.9),(152.1),(40.4),(46.4),0.0,(10.4),0.0,(12.7),0.0,-,(160.8),0.0,(479.7)
2026-01-21,(356.6),(287.7),(25.9),(29.8),0.0,0.0,(3.8),6.4,0.0,-,(11.3),0.0,(708.7)
2026-01-22,(22.4),(9.8),0.0,0.0,0.0,0.0,0.0,0.0,0.0,-,0.0,0.0,(32.2)
2026-01-23,(101.6),(1.9),0.0,0.0,0.0,0.0,0.0,0.0,0.0,-,0.0,0.0,(103.5)
2026-01-26,15.9,(5.7),(11.0),(2.9),0.0,0.0,0.0,0.0,2.8,-,0.0,7.7,6.8
2026-01-27,(102.8),(44.6),0.0,0.0,0.0,0.0,0.0,0.0,0.0,-,0.0,0.0,(147.4)
2026-01-28,(14.2),19.5,(12.6),(12.3),0.0,0.0,0.0,0.0,0.0,-,0.0,0.0,(19.6)
2026-01-29,(317.8),(168.0),(88.9),(71.6),(8.4),0.0,0.0,(6.5),0.0,-,(119.4),(37.2),(817.8)
2026-01-30,(528.3),7.3,0.0,8.3,0.0,0.0,0.0,3.0,0.0,-,0.0,0.0,(509.7)
2026-02-02,142.0,153.3,96.5,65.1,10.1,0.0,0.0,24.3,3.3,-,0.0,67.2,561.8
2026-02-03,60.0,(148.7),(23.4),(62.5),0.0,(2.2),0.0,(4.8),0.0,-,(56.6),(33.8),(272.0)
2026-02-04,(373.4),(86.4),0.0,(31.7),0.0,(6.4),0.0,(5.2),0.0,-,(41.8),0.0,(544.9)
2026-02-05,(175.3),(109.5),(15.6),(23.1),0.0,0.0,0.0,0.0,0.0,-,(75.4),(35.2),(434.1)
2026-02-06,231.6,24.5,28.7,43.3,7.0,0.0,0.0,15.9,0.0,-,0.0,20.1,371.1
2026-02-09,(20.9),3.1,0.0,14.1,0.0,6.1,0.0,12.0,0.0,-,0.0,130.5,144.9
2026-02-10,26.5,56.9,0.0,68.5,0.0,0.0,4.9,0.0,3.6,-,0.0,6.1,166.5
2026-02-11,(73.4),(92.6),(22.0),(70.5),0.0,0.0,0.0,(6.7),6.8,-,(17.9),0.0,(276.3)
2026-02-12,(157.6),(104.1),(7.8),(31.5),(6.8),(3.8),(2.8),(3.2),0.0,-,(59.1),(33.5),(410.2)
2026-02-13,(9.4),12.0,0.0,0.0,0.0,0.0,0.0,1.9,3.6,-,0.0,7.0,15.1
2026-02-17,(119.7),5.9,(10.3),(8.3),0.0,0.0,0.0,0.0,0.0,-,(8.5),36.0,(104.9)
2026-02-18,(84.2),(49.1),0.0,0.0,0.0,0.0,0.0,0.0,0.0,-,0.0,0.0,(133.3)
2026-02-19,(164.1),0.0,0.0,0.0,0.0,0.0,(1.7),0.0,0.0,-,0.0,0.0,(165.8)
2026-02-20,64.5,23.6,0.0,0.0,0.0,0.0,0.0,0.0,0.0,-,0.0,0.0,88.1
2026-02-23,(116.4),(27.9),(43.6),(9.2),0.0,0.0,0.0,6.4,0.0,-,(13.1),0.0,(203.8)
2026-02-24,78.9,82.8,3.5,71.1,0.0,0.0,0.0,12.8,0.0,-,0.0,8.6,257.7
2026-02-25,297.4,30.1,39.4,2.3,0.0,0.0,0.0,15.6,0.0,-,102.5,19.3,506.6
2026-02-26,275.8,(51.5),69.0,(44.9),0.0,0.0,0.0,0.0,0.0,-,0.0,6.0,254.4
2026-02-27,(32.7),0.0,0.0,0.0,3.3,1.9,0.0,0.0,0.0,-,0.0,0.0,(27.5)
2026-03-02,263.2,94.8,36.4,5.7,6.2,14.0,0.0,19.5,0.0,-,0.0,18.4,458.2
2026-03-03,322.4,(89.3),0.0,0.0,0.0,0.0,11.6,0.0,8.7,-,(28.2),0.0,225.2
2026-03-04,306.6,48.0,8.0,14.6,9.1,8.5,0.0,5.2,7.8,-,21.7,32.4,461.9
2026-03-05,(88.7),(48.0),(46.4),(22.7),0.0,0.0,5.4,(8.6),0.0,-,(18.9),0.0,(227.9)
2026-03-06,(143.5),(158.5),(22.2),(4.5),0.0,0.0,0.0,(5.8),0.0,-,(9.6),(4.8),(348.9)
2026-03-09,109.3,60.1,(4.5),(2.7),0.0,0.0,0.0,4.9,0.0,-,0.0,0.0,167.1
2026-03-10,185.8,33.5,16.4,4.1,0.0,0.0,(4.1),5.9,0.0,-,0.0,5.3,246.9
2026-03-11,115.3,15.4,0.0,0.0,0.0,0.0,0.0,(4.5),0.0,-,(16.0),5.0,115.2
2026-03-12,46.1,15.3,(5.7),3.0,0.0,0.0,0.0,0.0,0.0,-,(9.9),5.0,53.8
2026-03-13,143.6,23.2,3.1,2.4,0.0,0.0,0.0,8.1,0.0,-,0.0,0.0,180.4
2026-03-16,139.4,64.5,2.8,(3.1),0.0,2.1,0.0,(6.3),0.0,-,0.0,0.0,199.4
2026-03-17,169.3,24.4,0.0,2.5,0.0,0.0,0.0,3.2,0.0,-,0.0,0.0,199.4
2026-03-18,(33.9),(103.8),(7.0),0.0,0.0,0.0,0.0,0.0,0.0,-,(18.8),0.0,(163.5)
2026-03-19,(38.3),(26.0),(17.2),(15.2),0.0,4.1,3.2,0.0,0.0,-,(5.5),4.7,(90.2)
2026-03-20,(45.9),(9.1),0.0,0.0,0.0,0.0,0.0,3.0,0.0,-,0.0,0.0,(52.0)
2026-03-23,160.8,41.7,0.0,(9.4),0.0,0.0,0.0,0.0,0.0,-,(25.9),0.0,167.2
2026-03-24,(4.7),(45.3),(16.6),0.0,0.0,0.0,0.0,(7.9),0.0,-,0.0,0.0,(74.5)
2026-03-25,(70.7),83.3,0.0,(4.8),0.0,0.0,0.0,0.0,0.0,-,0.0,0.0,7.8
2026-03-26,(41.9),(32.8),(33.1),(30.5),0.0,0.0,0.0,(2.4),0.0,-,(25.1),(5.5),(171.3)
2026-03-27,(201.5),0.0,(18.6),(5.4),0.0,0.0,0.0,0.0,0.0,-,0.0,0.0,(225.5)
2026-03-30,7.5,28.9,0.0,33.0,0.0,0.0,0.0,0.0,0.0,-,0.0,0.0,69.4
2026-03-31,98.4,16.2,1.8,1.1,0.0,0.0,0.0,0.0,0.0,-,0.0,0.0,117.5
2026-04-01,(86.5),(78.6),(5.6),0.0,0.0,0.0,0.0,0.0,0.0,-,(13.3),10.3,(173.7)
2026-04-02,(3.0),7.3,0.0,0.0,0.0,0.0,0.0,4.7,0.0,-,0.0,0.0,9.0
2026-04-06,181.9,147.3,3.8,118.8,0.0,0.0,0.0,2.0,0.0,-,0.0,17.6,471.4
2026-04-07,(17.1),(47.8),0.0,(34.2),0.0,0.0,2.3,(20.4),0.0,-,(41.9),0.0,(159.1)
2026-04-08,40.4,(79.1),0.0,(74.7),0.0,0.0,0.0,0.0,0.0,30.6,(11.1),0.0,(93.9)
2026-04-09,269.3,53.3,11.7,4.8,0.0,2.1,0.0,2.0,0.0,14.9,0.0,0.0,358.1
2026-04-10,137.6,78.0,9.5,3.6,0.0,0.0,0.0,2.6,0.0,16.3,0.0,9.1,256.7
2026-04-13,34.7,(229.2),11.9,(62.9),0.0,0.0,0.0,(2.6),0.0,6.3,(38.2),(11.0),(291.0)
2026-04-14,213.8,45.3,12.5,113.1,0.0,0.0,0.0,6.3,0.0,15.5,0.0,4.9,411.4
2026-04-15,291.9,(47.3),(8.5),(42.2),0.0,0.0,0.0,(3.7),0.0,19.3,(23.4),0.0,186.1
2026-04-16,81.7,(36.0),0.0,(27.4),0.0,0.0,0.0,0.0,0.0,13.4,(22.3),16.7,26.1
2026-04-17,284.0,163.4,38.2,117.9,3.9,0.0,0.0,6.6,0.0,16.6,4.2,29.1,663.9
2026-04-20,256.0,(6.6),0.0,0.0,0.0,0.0,5.8,0.0,0.0,8.1,(24.9),0.0,238.4
2026-04-21,39.3,(6.6),(12.7),(14.5),0.0,0.0,0.0,(4.3),0.0,10.8,(17.5),17.3,11.8
2026-04-22,246.9,56.7,15.4,11.9,0.0,0.0,0.0,3.9,6.3,11.3,(16.6),0.0,335.8
2026-04-23,167.5,(16.9),(7.6),71.2,0.0,0.0,0.0,(5.5),0.0,9.4,0.0,5.2,223.3
2026-04-24,22.9,(1.7),(8.9),(9.0),0.0,0.0,0.0,0.0,0.0,11.1,0.0,0.0,14.4
2026-04-27,0.0,(150.4),(8.8),(43.3),0.0,0.0,0.0,(14.1),0.0,0.0,(46.6),0.0,(263.2)
2026-04-28,(112.2),(5.0),(13.7),41.2,0.0,0.0,0.0,0.0,0.0,0.0,0.0,0.0,(89.7)
2026-04-29,(54.7),(36.1),0.0,(30.0),0.0,(6.5),0.0,0.0,0.0,10.8,(21.1),0.0,(137.6)
2026-04-30,19.1,26.6,(2.9),(6.3),(4.9),0.0,0.0,(2.2),0.0,0.0,(5.9),0.0,23.5
2026-05-01,284.4,213.4,27.3,88.5,0.0,0.0,0.0,5.5,0.0,4.5,0.0,6.2,629.8
2026-05-04,335.5,184.6,0.0,0.0,0.0,0.0,0.0,0.0,0.0,12.2,0.0,0.0,532.3
2026-05-05,251.4,133.2,14.6,92.3,0.0,0.0,0.0,(5.8),0.0,0.0,(18.4),0.0,467.3
2026-05-06,134.6,(39.0),(25.2),0.0,0.0,(7.1),0.0,0.0,0.0,0.0,(17.1),0.0,46.2
2026-05-07,(98.0),(129.0),0.0,(12.6),(10.0),0.0,0.0,(5.1),0.0,7.3,(26.8),5.7,(268.5)
2026-05-08,(27.2),(97.6),0.0,(26.6),0.0,0.0,0.0,0.0,0.0,5.7,0.0,0.0,(145.7)
2026-05-11,(7.4),(3.6),0.0,0.0,7.3,0.0,0.0,4.6,0.0,26.3,0.0,0.0,27.2
2026-05-12,(32.9),(86.1),(17.5),(85.1),0.0,0.0,0.0,0.0,0.0,6.0,(17.6),0.0,(233.2)
2026-05-13,(284.7),(133.2),(35.4),(177.1),0.0,0.0,0.0,0.0,0.0,0.0,0.0,0.0,(630.4)
2026-05-14,144.1,3.5,17.7,(9.5),(5.7),(14.1),0.0,7.5,0.0,6.8,(31.6),12.6,131.3
2026-05-15,(136.2),(39.6),(11.6),(52.5),0.0,(6.9),0.0,0.0,0.0,0.0,(43.6),0.0,(290.4)
2026-05-18,(448.4),(63.4),(9.2),(109.6),(3.8),(6.6),0.0,(7.6),0.0,0.0,0.0,0.0,(648.6)
2026-05-19,(325.6),(1.7),0.0,0.0,0.0,0.0,(3.8),0.0,0.0,0.0,0.0,0.0,(331.1)
2026-05-20,(61.5),(10.1),0.0,0.0,0.0,0.0,0.0,0.0,0.0,1.1,0.0,0.0,(70.5)
2026-05-21,(103.7),0.0,0.0,2.8,0.0,0.0,0.0,0.0,0.0,0.0,0.0,0.0,(100.9)
2026-05-22,(68.9),(36.3),0.0,0.0,0.0,0.0,0.0,0.0,0.0,0.0,0.0,0.0,(105.2)
2026-05-26,(192.4),(57.7),(28.8),0.0,0.0,0.0,0.0,0.0,0.0,0.0,(41.3),(13.4),(333.6)
2026-05-27,(527.8),(60.3),(17.5),(17.4),0.0,0.0,0.0,0.0,0.0,4.3,(104.8),(9.9),(733.4)
2026-05-28,(177.9),(19.2),0.0,0.0,0.0,0.0,0.0,0.0,0.0,0.0,(26.2),0.0,(223.3)
2026-05-29,(68.2),(31.9),0.0,(7.3),0.0,0.0,0.0,0.0,0.0,(5.3),(2.9),(9.7),(125.3)
2026-06-01,(440.3),(37.3),0.0,(12.3),0.0,0.0,0.0,0.0,0.0,6.1,0.0,0.0,(483.8)
2026-06-02,(388.6),(45.1),0.0,(16.7),0.0,0.0,0.0,0.0,0.0,14.8,(83.5),0.0,(519.1)
2026-06-03,(342.3),(54.3),0.0,0.0,0.0,0.0,0.0,0.0,0.0,0.0,0.0,0.0,(396.6)
2026-06-04,47.7,(5.5),(15.6),(20.7),(12.6),0.0,0.0,0.0,0.0,9.9,0.0,0.0,3.2
2026-06-05,(213.7),(59.7),0.0,0.0,0.0,0.0,0.0,4.2,0.0,4.3,(60.8),0.0,(325.7)
2026-06-08,(232.9),59.4,14.1,63.1,0.0,0.0,0.0,0.0,0.0,4.9,0.0,0.0,(91.4)
2026-06-09,(61.6),(20.2),0.0,0.0,0.0,0.0,0.0,0.0,0.0,0.0,0.0,4.4,(77.4)
2026-06-10,(148.5),4.0,0.0,0.0,0.0,0.0,0.0,0.0,1.0,0.0,(87.9),17.5,(213.9)
2026-06-11,30.3,(5.5),(13.1),(27.2),0.0,0.0,0.0,(14.8),0.0,2.2,0.0,5.6,(22.5)
2026-06-12,57.7,18.0,5.2,3.2,0.0,0.0,0.0,1.8,0.0,0.0,0.0,0.0,85.9
2026-06-15,66.4,(8.7),0.0,(6.6),0.0,(5.8),0.0,(6.1),0.0,9.4,(124.0),10.6,(64.8)
2026-06-16,16.4,4.3,0.0,0.0,0.0,0.0,0.0,0.0,0.0,1.9,(16.8),4.4,10.2
2026-06-17,(30.8),14.0,0.0,(43.5),(6.4),0.0,0.0,(4.1),0.0,4.1,(15.5),0.0,(82.2)
2026-06-18,(96.7),0.0,0.0,0.0,0.0,0.0,0.0,(4.4),0.0,10.4,0.0,0.0,(90.7)
2026-06-22,(172.0),57.4,0.0,64.0,0.0,3.7,0.0,0.0,3.4,8.1,(81.0),48.1,(68.3)
2026-06-23,(182.0),23.0,0.0,31.0,0.0,0.0,0.0,5.3,0.0,8.9,0.0,0.0,(113.8)
2026-06-24,(239.3),(120.8),(27.5),(50.7),0.0,0.0,0.0,0.0,0.0,0.0,(54.3),23.6,(469.0)
2026-06-25,(265.7),(274.5),(7.1),(82.1),(53.0),(6.8),0.0,(11.7),0.0,9.2,0.0,0.0,(691.7)
2026-06-26,(444.5),0.0,0.0,0.0,0.0,0.0,0.0,0.0,0.0,0.0,0.0,0.0,(444.5)
2026-06-29,(300.4),(3.9),0.0,50.0,0.0,0.0,0.0,3.8,0.0,7.3,35.1,(22.9),(231.0)
2026-06-30,(212.4),(10.2),0.0,0.0,0.0,0.0,0.0,0.0,0.0,0.0,0.0,0.0,(222.6)
2026-07-01,(219.4),(51.0),0.0,(39.9),5.4,3.5,0.0,2.1,0.0,29.8,(62.8),36.3,(296.0)
2026-07-02,(40.4),166.0,0.0,91.8,0.0,0.0,1.7,4.4,0.0,0.0,0.0,0.0,223.5
2026-07-06,209.4,9.7,4.8,33.0,0.0,0.0,0.0,0.0,0.0,11.0,(44.5),42.3,265.7
2026-07-07,54.8,(24.9),0.0,(8.4),0.0,0.0,0.0,0.0,0.0,0.0,0.0,0.0,21.5
2026-07-08,(59.1),(14.9),0.0,0.0,0.0,0.0,0.0,0.0,0.0,0.0,(63.7),52.8,(84.9)
2026-07-09,0.0,(63.3),0.3,(39.9),0.0,0.0,0.0,5.4,0.0,2.2,0.0,0.0,(95.3)
2026-07-10,86.8,0.0,0.0,0.0,0.0,0.0,0.0,3.6,0.0,0.0,0.0,0.0,90.4
2026-07-13,(185.5),(245.6),0.0,0.0,0.0,0.0,0.0,6.1,0.0,0.0,(53.1),53.4,(424.7)
2026-07-14,138.9,21.1,3.5,3.6,0.0,0.0,0.0,0.0,0.0,7.4,0.0,6.6,181.1
2026-07-15,80.8,16.9,0.0,0.0,0.0,0.0,0.0,0.0,0.0,0.0,0.0,10.0,107.7
2026-07-16,33.4,30.7,15.0,0.0,0.0,0.0,0.0,0.0,0.0,0.0,0.0,0.0,79.1
2026-07-17,136.5,(4.2),0.0,0.0,0.0,0.0,0.0,0.0,0.0,0.0,0.0,0.0,132.3
2026-07-20,116.5,24.1,8.8,72.7,0.0,0.0,0.0,1.8,0.0,6.9,(45.4),41.4,226.8
2026-07-21,163.9,23.1,0.0,9.7,0.0,0.0,0.0,0.0,0.0,0.0,0.0,6.5,203.2
2026-07-22,38.8,21.5,5.4,0.0,0.0,0.0,0.0,0.0,0.0,3.8,(38.3),37.9,69.1
2026-07-23,(202.5),(5.6),(7.0),(4.3),0.0,(5.6),0.0,0.0,(5.1),5.0,0.0,0.0,(225.1)
2026-07-24,(212.2),(27.9),0.0,0.0,0.0,0.0,0.0,0.0,0.0,0.0,0.0,0.0,(240.1)
2026-07-27,(8.8),(2.8),0.0,0.0,-,0.0,0.0,0.0,0.0,0.0,0.0,0.0,(11.6)
2026-07-28,(54.8),0.0,0.0,0.0,0.0,0.0,0.0,0.0,0.0,0.0,0.0,5.1,(49.7)
2026-07-29,89.8,(43.1),0.0,(14.6),0.0,0.0,0.0,0.0,0.0,0.0,0.0,0.0,32.1
2026-07-30,183.4,15.5,20.7,1.5,0.0,0.0,0.0,2.3,0.0,7.4,0.0,2.3,233.1
2026-07-31,(122.7),(54.8),(17.8),(17.5),0.0,0.0,0.0,0.0,0.0,0.0,(52.6),0.0,(265.4)
2026-08-03,111.4,33.4,2.8,2.1,6.7,9.2,0.0,4.5,0.0,0.0,0.0,0.0,170.1
2026-08-04,170.3,19.6,8.7,9.2,0.0,0.0,0.0,0.0,0.0,3.7,0.0,0.0,211.5
2026-08-05,196.8,11.3,10.6,37.6,0.0,0.0,0.0,(14.7),0.0,2.8,0.0,0.0,244.4
2026-08-06,128.3,11.2,1.7,0.0,0.0,0.0,0.0,(32.8),0.0,14.9,7.5,6.8,137.6
2026-08-07,86.7,41.0,2.1,1.9,(19.4),-,0.0,(10.6),0.0,0.0,0.0,0.0,101.7
2026-08-10,(53.6),(40.3),(28.4),0.0,0.0,(7.4),0.0,0.0,0.0,0.0,(52.0),37.1,(144.6)
2026-08-11,50.2,(4.1),0.0,(11.5),0.0,(16.5),0.0,(10.3),0.0,0.0,0.0,0.0,7.8
2026-08-12,(14.3),(46.8),0.0,0.0,0.0,0.0,0.0,0.0,0.0,0.0,0.0,0.0,(61.1)
2026-08-13,(5.7),(55.1),(9.3),(58.8),(7.9),0.0,0.0,0.0,(4.0),7.1,(36.3),38.9,(131.1)
2026-08-14,(55.5),(6.8),6.1,0.0,0.0,0.0,0.0,0.0,0.0,0.0,0.0,0.0,(56.2)
2026-08-17,160.2,111.9,0.0,14.2,0.0,0.0,0.0,0.0,0.0,11.2,0.0,0.0,297.5
2026-08-18,143.6,23.9,16.1,19.7,0.0,0.0,0.0,(16.9),0.0,0.0,0.0,2.9,189.3
2026-08-19,284.7,62.4,35.6,77.7,0.0,5.9,0.0,0.0,0.0,10.0,21.2,19.7,517.2
2026-08-20,503.0,64.7,26.4,12.2,3.6,0.0,0.0,(3.6),0.0,0.0,0.0,0.0,606.3
2026-08-21,239.3,30.2,9.2,3.1,0.0,0.0,0.0,4.4,0.0,7.7,0.0,13.6,307.5
2026-08-24,208.9,104.6,3.0,0.0,0.0,0.0,0.0,3.3,0.0,1.4,0.0,16.4,337.6
2026-08-25,284.4,15.4,3.0,0.0,0.0,0.0,0.0,0.0,0.0,4.5,0.0,7.0,314.3
2026-08-26,200.8,25.6,6.0,0.0,0.0,0.0,0.0,0.0,0.0,3.4,(50.4),46.8,232.2
2026-08-27,277.6,(83.6),21.7,29.7,0.0,0.0,0.0,5.7,0.0,6.7,(27.2),11.7,242.3
2026-08-28,(33.4),0.0,(49.7),(114.9),0.0,0.0,0.0,(13.2),0.0,9.3,0.0,0.0,(201.9)
2026-08-31,205.9,6.9,4.3,0.0,0.0,0.0,0.0,(13.4),0.0,3.6,0.0,9.4,216.7
2026-09-01,(201.2),(43.7),8.4,0.0,0.0,0.0,0.0,0.0,0.0,0.0,0.0,0.0,(236.5)
2026-09-02,115.4,0.0,4.2,0.0,0.0,0.0,0.0,0.0,0.0,7.3,(56.2),30.4,101.1
2026-09-03,454.0,74.4,24.8,137.7,0.0,0.0,0.0,(19.6),(5.2),7.7,8.2,48.8,730.8
2026-09-04,117.4,57.2,0.0,0.0,0.0,0.0,0.0,0.0,0.0,0.0,0.0,0.0,174.6
2026-09-08,10.7,(17.1),14.5,8.1,(4.7),0.0,0.0,0.0,0.0,7.4,(65.5),0.0,(46.6)
2026-09-09,(19.5),0.0,0.0,(78.0),0.0,0.0,0.0,0.0,0.0,4.5,(27.2),0.0,(120.2)
2026-09-10,(24.5),(33.6),(12.6),(164.3),0.0,0.0,0.0,(15.3),0.0,4.0,(36.4),0.0,(282.7)
2026-09-11,(19.2),0.0,0.0,0.0,0.0,0.0,0.0,2.2,0.0,3.8,0.0,0.0,(13.2)
2026-09-14,134.3,53.3,0.0,(42.0),0.0,4.6,0.0,0.0,0.0,9.7,0.0,0.0,159.9
2026-09-15,(161.7),(214.8),(12.4),(17.4),0.0,0.0,0.0,0.0,0.0,0.0,(44.1),0.0,(450.4)
2026-09-16,(144.1),(52.7),0.0,(84.4),0.0,0.0,0.0,0.0,0.0,3.5,(18.2),0.0,(295.9)
2026-09-17,183.7,(16.6),0.0,0.0,0.0,0.0,0.0,(7.6),0.0,0.0,0.0,0.0,159.5
2026-09-18,108.4,310.7,9.7,1.9,0.0,0.0,0.0,2.3,0.0,0.0,0.0,0.0,433.0
2026-09-21,381.4,238.8,21.6,289.1,0.0,0.0,0.0,0.0,0.0,61.7,3.3,3.1,999.0
2026-09-22,350.3,257.4,0.0,0.6,0.0,0.0,0.0,2.4,0.0,99.0,0.0,5.0,714.7
2026-09-23,166.3,143.2,0.0,5.0,0.0,0.0,0.0,0.0,0.0,32.4,0.0,0.0,346.9
2026-09-24,162.6,12.9,4.1,0.0,0.0,4.9,0.0,0.0,(4.0),10.2,0.0,0.0,190.7
2026-09-25,97.0,49.3,(11.8),0.0,0.0,0.0,0.0,0.0,0.0,0.0,0.0,0.0,134.5
2026-09-28,54.8,(10.9),0.0,0.0,0.0,0.0,0.0,0.0,0.0,0.0,(23.2),10.3,31.0
2026-09-29,51.1,0.0,(18.1),33.2,0.0,0.0,0.0,0.0,0.0,0.0,0.0,0.0,66.2
2026-09-30,(9.5),(125.6),(13.6),0.0,0.0,0.0,0.0,0.0,0.0,0.0,0.0,0.0,(148.7)
2026-10-01,195.6,(60.7),(6.9),(7.7),(4.2),0.0,0.0,(3.6),0.0,7.0,(31.4),14.6,102.7
2026-10-02,-,29.3,0.0,0.0,0.0,0.0,0.0,0.0,0.0,2.4,0.0,0.0,31.7
