date,ETHA,ETHB,FETH,ETHW,TETH,ETHV,QETH,EZET,MSSE,ETHE,ETH,Total
2024-07-23,266.5,-,71.3,204.0,7.5,7.6,5.5,13.2,-,(484.1),15.1,106.6
2024-07-24,17.4,-,74.5,29.6,0.0,19.8,2.5,3.9,-,(326.9),45.9,(133.3)
2024-07-25,70.9,-,34.3,16.3,0.0,8.0,6.2,0.0,-,(346.2),58.1,(152.4)
2024-07-26,87.2,-,39.3,16.0,0.0,0.0,0.0,6.2,-,(356.3),44.9,(162.7)
2024-07-29,58.2,-,24.8,10.4,0.0,10.9,0.0,2.5,-,(210.0),4.9,(98.3)
2024-07-30,118.0,-,16.4,3.5,0.0,0.0,0.0,3.7,-,(120.3),12.4,33.7
2024-07-31,5.0,-,18.8,4.7,3.3,4.8,0.0,0.0,-,(133.3),19.5,(77.2)
2024-08-01,89.6,-,11.7,3.4,0.0,0.0,0.0,0.0,-,(78.0),0.0,26.7
2024-08-02,0.0,-,6.0,0.0,0.0,0.0,0.0,1.1,-,(61.4),0.0,(54.3)
2024-08-05,47.1,-,16.2,7.2,0.0,16.6,0.0,0.9,-,(46.8),7.6,48.8
2024-08-06,109.9,-,22.5,0.0,0.0,0.0,0.0,1.0,-,(39.7),4.7,98.4
2024-08-07,0.0,-,4.7,1.7,0.0,0.0,0.0,1.8,-,(31.9),0.0,(23.7)
2024-08-08,11.7,-,(2.6),2.8,0.0,0.0,0.0,0.0,-,(19.8),5.0,(2.9)
2024-08-09,19.6,-,3.9,0.0,0.0,0.0,0.0,0.0,-,(41.7),2.4,(15.8)
2024-08-12,0.0,-,4.0,2.9,0.0,(2.9),0.0,1.0,-,0.0,0.0,5.0
2024-08-13,49.1,-,5.4,0.0,0.0,0.0,0.8,0.0,-,(31.0),0.0,24.3
2024-08-14,16.1,-,6.6,2.7,0.0,0.0,0.0,0.0,-,(16.9),2.3,10.8
2024-08-15,0.8,-,2.5,0.0,0.0,0.0,0.0,0.0,-,(42.5),0.0,(39.2)
2024-08-16,10.3,-,7.2,0.0,0.0,(4.8),0.0,0.0,-,(27.7),0.0,(15.0)
2024-08-19,0.0,-,0.0,1.9,0.0,0.0,0.0,0.0,-,(20.3),4.9,(13.5)
2024-08-20,26.8,-,0.0,3.7,0.0,0.0,0.0,0.0,-,(37.0),0.0,(6.5)
2024-08-21,0.0,-,7.9,0.0,0.0,0.0,0.0,1.0,-,(31.1),4.2,(18.0)
2024-08-22,0.0,-,14.3,0.0,0.0,1.0,0.0,0.0,-,(19.8),3.7,(0.8)
2024-08-23,0.0,-,0.7,1.4,0.0,2.0,0.0,0.0,-,(9.8),0.0,(5.7)
2024-08-26,0.0,-,(2.7),0.0,0.0,0.0,0.0,(1.0),-,(9.5),0.0,(13.2)
2024-08-27,0.0,-,3.9,1.9,0.0,0.0,0.0,0.0,-,(9.2),0.0,(3.4)
2024-08-28,8.4,-,1.3,0.0,0.0,0.0,0.0,0.0,-,(3.8),0.0,5.9
2024-08-29,0.0,-,0.0,0.0,0.0,0.0,0.0,0.0,-,(5.3),3.6,(1.7)
2024-08-30,0.0,-,0.0,0.0,0.0,0.0,0.0,0.0,-,0.0,0.0,0.0
2024-09-02,-,-,-,-,-,-,-,-,-,-,-,0.0
2024-09-03,0.0,-,4.9,0.0,0.0,0.0,0.0,0.0,-,(52.3),0.0,(47.4)
2024-09-04,0.0,-,0.0,0.0,0.0,0.0,0.0,0.0,-,(40.6),3.1,(37.5)
2024-09-05,0.0,-,0.0,0.0,0.0,0.0,0.0,0.0,-,(7.4),7.2,(0.2)
2024-09-06,4.7,-,0.0,0.0,0.0,0.0,0.0,0.0,-,(10.7),0.0,(6.0)
2024-09-09,0.0,-,7.6,1.8,0.0,0.0,0.0,0.0,-,(22.6),8.0,(5.2)
2024-09-10,4.3,-,7.1,0.0,0.0,0.0,0.0,0.0,-,0.0,0.0,11.4
2024-09-11,0.0,-,1.2,0.0,0.0,(1.7),0.0,0.0,-,0.0,0.0,(0.5)
2024-09-12,0.0,-,0.0,0.0,0.0,0.0,0.0,0.0,-,(20.1),0.0,(20.1)
2024-09-13,3.7,-,0.0,5.2,0.0,0.0,0.0,0.0,-,(7.4),0.0,1.5
2024-09-16,4.2,-,0.0,(2.1),0.0,0.0,0.0,0.0,-,(13.8),2.3,(9.4)
2024-09-17,0.0,-,0.0,0.0,0.0,0.0,0.0,0.0,-,(17.9),2.8,(15.1)
2024-09-18,4.9,-,0.0,0.0,0.0,0.0,0.0,0.0,-,(14.7),0.0,(9.8)
2024-09-19,5.2,-,0.0,0.0,0.0,0.0,0.0,0.0,-,0.0,0.0,5.2
2024-09-20,0.0,-,0.0,0.0,0.0,0.0,0.0,0.0,-,0.0,2.9,2.9
2024-09-23,0.0,-,0.0,1.3,0.0,0.0,0.0,0.0,-,(80.6),0.0,(79.3)
2024-09-24,59.3,-,0.0,0.0,0.0,1.9,1.3,0.0,-,0.0,0.0,62.5
2024-09-25,9.4,-,6.4,0.0,0.8,0.0,0.0,0.0,-,0.0,26.6,43.2
2024-09-26,15.3,-,15.9,1.0,0.7,1.0,2.0,0.0,-,(36.0),0.0,(0.1)
2024-09-27,11.5,-,42.5,5.4,1.4,2.0,4.3,0.0,-,(10.7),2.3,58.7
2024-09-30,11.0,-,0.0,0.0,0.0,0.0,0.0,0.0,-,(11.8),0.0,(0.8)
2024-10-01,0.0,-,(25.0),(0.9),1.2,2.7,0.0,0.0,-,(26.6),0.0,(48.6)
2024-10-02,18.0,-,0.0,0.0,0.0,0.0,0.0,1.8,-,(5.4),0.0,14.4
2024-10-03,12.1,-,(0.6),0.0,0.0,0.0,0.0,0.0,-,(14.7),0.0,(3.2)
2024-10-04,14.7,-,0.0,0.9,0.0,0.0,0.0,0.0,-,(8.2),0.0,7.4
2024-10-07,0.0,-,0.0,0.0,0.0,0.0,0.0,0.0,-,0.0,0.0,0.0
2024-10-08,0.0,-,(3.6),(4.5),0.0,0.0,0.0,0.0,-,0.0,0.0,(8.1)
2024-10-09,0.0,-,0.0,0.0,0.0,0.0,0.0,0.0,-,0.0,0.0,0.0
2024-10-10,17.8,-,(3.5),(4.2),0.0,0.0,0.0,0.0,-,(10.3),3.3,3.1
2024-10-11,0.0,-,8.6,0.0,0.0,0.0,0.0,0.0,-,(8.7),0.0,(0.1)
2024-10-14,14.3,-,1.3,0.0,0.4,0.0,1.0,0.0,-,0.0,0.0,17.0
2024-10-15,0.0,-,2.6,0.0,0.0,0.0,0.0,0.0,-,(15.3),0.0,(12.7)
2024-10-16,11.9,-,8.5,0.0,0.0,3.8,0.0,0.0,-,0.0,0.0,24.2
2024-10-17,23.6,-,31.1,1.5,2.3,0.0,0.5,0.0,-,(15.7),5.1,48.4
2024-10-18,0.0,-,0.0,1.9,0.0,0.0,0.0,0.0,-,0.0,0.0,1.9
2024-10-21,4.9,-,0.0,0.0,0.0,3.9,0.0,0.0,-,(29.6),0.0,(20.8)
2024-10-22,11.9,-,0.0,0.0,0.0,0.0,0.0,0.0,-,0.0,0.0,11.9
2024-10-23,0.0,-,6.2,0.0,1.6,0.0,1.0,0.0,-,(7.6),0.0,1.2
2024-10-24,2.3,-,0.0,0.0,0.0,0.0,0.0,0.0,-,0.0,0.0,2.3
2024-10-25,0.0,-,0.0,0.0,0.0,0.0,0.0,0.0,-,(19.2),0.0,(19.2)
2024-10-28,2.3,-,5.0,0.0,0.0,0.0,0.0,0.0,-,(8.4),0.0,(1.1)
2024-10-29,13.6,-,0.0,0.0,0.0,0.0,0.0,0.0,-,(6.0),0.0,7.6
2024-10-30,0.0,-,5.3,(3.6),2.7,0.0,0.0,0.0,-,0.0,0.0,4.4
2024-10-31,49.6,-,0.0,0.0,0.0,0.0,0.0,0.0,-,(36.6),0.0,13.0
2024-11-01,0.0,-,0.0,0.0,0.0,0.0,0.5,0.0,-,(11.4),0.0,(10.9)
2024-11-04,11.0,-,(31.5),0.0,0.0,0.0,0.0,0.0,-,(10.8),(31.9),(63.2)
2024-11-05,0.0,-,0.0,0.0,0.0,0.0,0.0,0.0,-,0.0,0.0,0.0
2024-11-06,0.0,-,26.9,0.0,0.0,0.0,0.0,0.0,-,0.0,25.4,52.3
2024-11-07,23.7,-,28.9,6.6,0.0,12.7,2.3,0.0,-,0.0,5.5,79.7
2024-11-08,59.8,-,18.4,3.4,0.0,4.3,0.0,0.0,-,0.0,0.0,85.9
2024-11-11,101.1,-,115.5,15.6,0.0,0.0,0.0,0.0,-,0.0,63.3,295.5
2024-11-12,131.4,-,0.0,17.0,2.0,6.0,0.0,0.0,-,(33.2),12.7,135.9
2024-11-13,35.6,-,101.7,13.0,0.0,0.0,0.0,0.0,-,(5.6),2.2,146.9
2024-11-14,18.9,-,0.0,0.0,0.0,(1.1),0.9,0.0,-,(21.9),0.0,(3.2)
2024-11-15,0.0,-,(18.4),0.0,0.0,(1.1),0.0,0.0,-,(40.3),0.0,(59.8)
2024-11-18,(23.9),-,3.2,0.0,0.0,0.0,0.0,0.0,-,(13.3),(5.1),(39.1)
2024-11-19,(14.2),-,(46.7),0.0,0.0,0.0,0.0,0.0,-,(20.4),0.0,(81.3)
2024-11-20,16.7,-,(30.7),0.0,0.0,0.0,0.0,0.0,-,(16.3),-,(30.3)
2024-11-21,0.0,-,16.8,2.9,0.0,2.5,0.0,0.0,-,(27.1),(4.1),(9.0)
2024-11-22,99.7,-,5.8,5.0,0.0,0.0,0.0,0.0,-,(18.6),(0.6),91.3
2024-11-25,0.0,-,4.4,8.7,(1.2),2.6,0.0,0.0,-,(7.6),(4.0),2.9
2024-11-26,50.1,-,(1.7),0.0,(2.8),0.0,(1.2),0.0,-,(20.1),16.3,40.6
2024-11-27,0.0,-,38.0,1.6,0.0,13.2,0.0,0.0,-,0.0,37.3,90.1
2024-11-28,-,-,-,-,-,-,-,-,-,-,-,0.0
2024-11-29,250.4,-,79.1,0.0,0.0,0.0,0.0,0.0,-,0.0,3.4,332.9
2024-12-02,55.9,-,19.9,0.0,0.0,0.0,(7.2),0.0,-,(44.4),0.0,24.2
2024-12-03,65.3,-,73.7,0.0,0.0,0.0,0.0,0.0,-,(6.4),0.0,132.6
2024-12-04,124.4,-,40.7,0.0,0.0,0.0,0.0,0.0,-,(6.2),8.8,167.7
2024-12-05,292.7,-,113.6,6.6,0.0,0.0,0.0,0.0,-,(15.1),30.7,428.5
2024-12-06,34.6,-,47.9,13.4,(6.9),1.5,0.0,0.0,-,(29.6),22.9,83.8
2024-12-09,155.4,-,30.1,(13.0),(4.1),0.0,0.0,0.0,-,(27.4),8.8,149.8
2024-12-10,81.7,-,202.2,0.0,0.0,0.0,0.0,0.0,-,(4.0),25.8,305.7
2024-12-11,74.2,-,0.0,8.2,0.0,5.6,0.0,2.9,-,(2.3),13.4,102.0
2024-12-12,202.3,-,19.4,0.0,1.6,0.0,0.0,0.0,-,(22.8),73.2,273.7
2024-12-13,9.5,-,6.9,0.0,0.0,0.0,0.0,0.0,-,7.2,0.0,23.6
2024-12-16,30.7,-,4.1,8.7,0.0,0.0,0.0,0.0,-,0.0,7.6,51.1
2024-12-17,134.8,-,3.9,0.0,0.0,0.0,0.0,1.5,-,0.0,4.5,144.7
2024-12-18,81.9,-,0.0,(14.6),0.0,0.0,0.0,0.0,-,(49.2),(15.6),2.5
2024-12-19,0.0,-,5.1,(6.8),0.0,4.9,(2.4),0.0,-,(58.1),(3.2),(60.5)
2024-12-20,(103.7),-,13.0,0.0,0.0,0.0,0.0,0.0,-,7.5,8.1,(75.1)
2024-12-23,89.5,-,46.4,1.0,0.0,0.0,0.0,0.0,-,0.0,(6.1),130.8
2024-12-24,43.9,-,3.5,6.2,0.0,0.0,0.0,0.0,-,0.0,0.0,53.6
2024-12-25,-,-,-,-,-,-,-,-,-,-,-,0.0
2024-12-26,28.2,-,83.0,0.0,0.0,0.0,0.0,0.0,-,0.0,6.0,117.2
2024-12-27,20.2,-,27.5,0.0,0.0,0.0,0.0,0.0,-,0.0,0.0,47.7
2024-12-30,0.0,-,(20.4),0.0,0.0,0.0,0.0,(3.9),-,(17.4),(13.8),(55.5)
2024-12-31,0.0,-,31.8,0.0,0.0,0.0,0.0,0.0,-,(5.6),9.8,36.0
2025-01-01,-,-,-,-,-,-,-,-,-,-,-,0.0
2025-01-02,0.0,-,0.0,(56.1),0.0,0.0,0.0,0.0,-,(21.4),0.0,(77.5)
2025-01-03,33.9,-,27.1,0.0,0.0,0.0,0.0,0.0,-,(7.2),5.1,58.9
2025-01-06,124.1,-,4.6,0.0,0.0,0.0,0.0,0.0,-,0.0,0.0,128.7
2025-01-07,0.0,-,(67.6),0.0,0.0,0.0,0.0,0.0,-,(8.0),(11.2),(86.8)
2025-01-08,0.0,-,(147.7),0.0,0.0,0.0,0.0,0.0,-,(8.3),(3.4),(159.4)
2025-01-09,-,-,-,-,-,-,-,-,-,-,-,0.0
2025-01-10,0.0,-,(65.4),(3.1),0.0,0.0,0.0,0.0,-,0.0,0.0,(68.5)
2025-01-13,12.9,-,0.0,0.0,0.0,0.0,0.0,0.0,-,(14.5),(37.8),(39.4)
2025-01-14,0.0,-,0.0,1.2,0.0,0.0,0.0,0.0,-,0.0,0.0,1.2
2025-01-15,19.8,-,29.3,0.0,0.0,2.5,0.0,0.0,-,0.0,8.1,59.7
2025-01-16,111.2,-,70.0,0.0,0.0,0.0,0.0,0.0,-,(18.7),4.1,166.6
2025-01-17,7.4,-,14.0,2.5,0.0,0.0,0.0,0.0,-,0.0,0.0,23.9
2025-01-20,-,-,-,-,-,-,-,-,-,-,-,0.0
2025-01-21,56.3,-,3.3,3.1,0.0,3.6,0.0,0.0,-,(4.4),12.5,74.4
2025-01-22,79.1,-,9.0,0.0,0.0,0.0,0.0,0.0,-,(17.4),0.0,70.7
2025-01-23,0.0,-,7.3,(3.0),0.0,0.0,0.0,0.0,-,(22.3),3.1,(14.9)
2025-01-24,0.0,-,0.0,6.0,1.2,0.0,2.0,0.0,-,0.0,0.0,9.2
2025-01-27,20.7,-,(68.5),(4.2),0.0,0.0,0.0,0.0,-,(84.2),0.0,(136.2)
2025-01-28,0.0,-,0.0,0.0,0.0,0.0,0.0,0.0,-,0.0,0.0,0.0
2025-01-29,9.5,-,5.5,(4.0),0.0,0.0,0.0,0.0,-,(15.7),0.0,(4.7)
2025-01-30,79.9,-,15.4,0.0,0.0,0.0,0.0,0.0,-,(40.3),12.8,67.8
2025-01-31,57.3,-,0.0,0.0,0.0,2.4,0.0,0.0,-,(31.9),0.0,27.8
2025-02-03,0.0,-,49.7,0.0,5.2,0.0,0.0,0.0,-,15.9,12.8,83.6
2025-02-04,276.2,-,27.5,4.1,0.0,0.0,0.0,0.0,-,0.0,0.0,307.8
2025-02-05,0.0,-,20.1,0.0,0.0,0.0,0.0,0.0,-,(7.2),5.2,18.1
2025-02-06,10.7,-,0.0,0.0,0.0,0.0,0.0,0.0,-,0.0,0.0,10.7
2025-02-07,0.0,-,0.0,0.0,0.0,0.0,0.0,0.0,-,0.0,0.0,0.0
2025-02-10,0.0,-,0.0,0.0,0.0,0.0,0.0,0.0,-,(22.5),0.0,(22.5)
2025-02-11,12.6,-,0.0,0.0,0.0,0.0,0.0,0.0,-,0.0,0.0,12.6
2025-02-12,0.0,-,(10.7),0.0,0.0,0.0,0.0,0.0,-,(30.2),0.0,(40.9)
2025-02-13,12.0,-,4.6,0.0,0.0,0.0,0.0,0.0,-,(3.8),0.0,12.8
2025-02-14,0.0,-,11.7,0.0,0.0,0.0,0.0,0.0,-,0.0,0.0,11.7
2025-02-17,-,-,-,-,-,-,-,-,-,-,-,0.0
2025-02-18,0.0,-,4.6,0.0,0.0,0.0,0.0,0.0,-,0.0,0.0,4.6
2025-02-19,0.0,-,24.5,0.0,0.0,0.0,0.0,0.0,-,(5.5),0.0,19.0
2025-02-20,0.0,-,(2.8),0.0,0.0,0.0,0.0,0.0,-,(10.3),0.0,(13.1)
2025-02-21,0.0,-,0.0,(8.9),0.0,0.0,0.0,0.0,-,0.0,0.0,(8.9)
2025-02-24,(48.2),-,0.0,(9.7),0.0,0.0,0.0,0.0,-,(15.4),(4.7),(78.0)
2025-02-25,0.0,-,(12.5),(8.2),0.0,0.0,0.0,0.0,-,(27.1),(2.3),(50.1)
2025-02-26,(69.8),-,(18.4),(2.8),0.0,0.0,0.0,0.0,-,(3.3),0.0,(94.3)
2025-02-27,(26.1),-,(25.5),0.0,0.0,0.0,0.0,0.0,-,(19.6),0.0,(71.2)
2025-02-28,(30.2),-,0.0,0.0,0.0,0.0,0.0,0.0,-,(11.7),0.0,(41.9)
2025-03-03,(16.1),-,0.0,4.0,0.0,0.0,0.0,0.0,-,0.0,0.0,(12.1)
2025-03-04,(26.3),-,21.7,0.0,0.0,0.0,0.0,0.0,-,10.7,8.5,14.6
2025-03-05,0.0,-,0.0,0.0,0.0,0.0,0.0,0.0,-,(63.3),0.0,(63.3)
2025-03-06,(10.0),-,0.0,0.0,0.0,0.0,0.0,0.0,-,0.0,0.0,(10.0)
2025-03-07,(11.2),-,(11.9),0.0,0.0,0.0,0.0,0.0,-,0.0,0.0,(23.1)
2025-03-10,0.0,-,(23.7),(1.6),(3.5),0.0,0.0,0.0,-,(4.8),(3.9),(37.5)
2025-03-11,(11.8),-,(9.8),0.0,0.0,0.0,0.0,0.0,-,0.0,0.0,(21.6)
2025-03-12,0.0,-,(3.7),0.0,(1.7),0.0,0.0,(1.4),-,0.0,(3.5),(10.3)
2025-03-13,(15.1),-,(12.5),0.0,(0.5),1.4,0.0,0.0,-,(41.7),(5.2),(73.6)
2025-03-14,(36.4),-,(11.6),0.0,0.0,0.0,1.1,0.0,-,0.0,0.0,(46.9)
2025-03-17,0.0,-,0.0,0.0,0.0,0.0,0.0,0.0,-,(7.3),0.0,(7.3)
2025-03-18,(40.2),-,(3.3),0.0,0.0,0.0,0.0,0.0,-,0.0,(9.3),(52.8)
2025-03-19,(12.9),-,(2.0),0.0,0.7,0.0,0.0,0.0,-,10.2,(7.7),(11.7)
2025-03-20,(9.0),-,(3.5),0.0,0.0,0.0,0.0,0.0,-,0.0,0.0,(12.5)
2025-03-21,(11.9),-,0.0,0.0,0.0,0.0,0.0,0.0,-,0.0,(6.7),(18.6)
2025-03-24,0.0,-,0.0,0.0,0.0,0.0,0.0,0.0,-,0.0,0.0,0.0
2025-03-25,0.0,-,0.0,0.0,0.0,0.0,(1.5),0.0,-,0.0,(1.8),(3.3)
2025-03-26,0.0,-,(1.0),0.0,0.0,0.0,0.0,0.0,-,0.0,(4.9),(5.9)
2025-03-27,0.0,-,(2.0),0.0,0.0,(2.2),0.0,0.0,-,0.0,0.0,(4.2)
2025-03-28,0.0,-,0.0,0.0,0.0,0.0,0.0,0.0,-,4.7,0.0,4.7
2025-03-31,0.0,-,6.4,0.0,0.0,0.0,0.0,0.0,-,0.0,0.0,6.4
2025-04-01,0.0,-,0.0,(2.6),1.7,0.0,0.0,0.0,-,0.0,(2.7),(3.6)
2025-04-02,(20.2),-,0.0,0.0,0.0,0.0,0.0,0.0,-,(31.1),0.0,(51.3)
2025-04-03,0.0,-,0.0,(3.6),0.0,0.0,0.0,0.0,-,0.0,0.0,(3.6)
2025-04-04,0.0,-,0.0,0.0,0.0,0.0,0.0,2.1,-,0.0,0.0,2.1
2025-04-07,0.0,-,0.0,0.0,0.0,0.0,0.0,0.0,-,0.0,0.0,0.0
2025-04-08,0.0,-,(3.3),0.0,0.0,0.0,0.0,0.0,-,0.0,0.0,(3.3)
2025-04-09,(5.5),-,(5.7),0.0,0.0,0.0,0.0,0.0,-,0.0,0.0,(11.2)
2025-04-10,6.4,-,(36.0),(2.5),0.0,(4.4),0.0,0.0,-,(2.3),0.0,(38.8)
2025-04-11,0.0,-,0.0,(3.1),0.0,0.0,0.0,0.0,-,(26.1),0.0,(29.2)
2025-04-14,0.0,-,(7.8),0.0,1.8,0.0,0.0,0.0,-,0.0,0.0,(6.0)
2025-04-15,0.0,-,(3.6),0.0,0.0,0.0,0.0,0.0,-,(10.6),0.0,(14.2)
2025-04-16,(4.3),-,0.0,0.0,0.0,0.0,0.0,(1.8),-,(8.2),2.2,(12.1)
2025-04-17,0.0,-,0.0,0.0,0.0,0.0,0.0,0.0,-,0.0,0.0,0.0
2025-04-18,-,-,-,-,-,-,-,-,-,-,-,0.0
2025-04-21,0.0,-,0.0,0.0,0.0,0.0,0.0,0.0,-,(25.4),0.0,(25.4)
2025-04-22,0.0,-,32.7,6.1,0.0,0.0,0.0,0.0,-,0.0,0.0,38.8
2025-04-23,(30.3),-,0.0,0.0,0.0,0.0,0.0,0.0,-,0.0,6.4,(23.9)
2025-04-24,40.0,-,0.0,5.1,4.1,2.6,0.0,0.0,-,(6.6),18.3,63.5
2025-04-25,54.4,-,35.9,1.8,0.0,0.0,1.8,0.0,-,0.0,10.2,104.1
2025-04-28,67.5,-,0.0,(3.4),0.0,0.0,0.0,0.0,-,0.0,0.0,64.1
2025-04-29,0.0,-,25.5,0.0,0.0,0.0,0.0,0.0,-,(7.1),0.0,18.4
2025-04-30,0.0,-,5.8,(1.0),0.0,0.0,0.0,0.0,-,(7.1),0.0,(2.3)
2025-05-01,0.0,-,6.5,0.0,0.0,0.0,0.0,0.0,-,(12.0),12.0,6.5
2025-05-02,20.1,-,0.0,0.0,0.0,0.0,0.0,0.0,-,0.0,0.0,20.1
2025-05-05,0.0,-,0.0,0.0,0.0,0.0,0.0,0.0,-,0.0,0.0,0.0
2025-05-06,0.0,-,(17.9),0.0,0.0,0.0,0.0,0.0,-,0.0,0.0,(17.9)
2025-05-07,(21.8),-,0.0,0.0,0.0,0.0,0.0,0.0,-,0.0,0.0,(21.8)
2025-05-08,0.0,-,(19.3),0.0,0.0,0.0,0.0,0.0,-,0.0,3.2,(16.1)
2025-05-09,17.6,-,0.0,0.0,0.0,0.0,0.0,0.0,-,0.0,0.0,17.6
2025-05-12,0.0,-,(8.0),0.0,0.0,0.0,0.0,0.0,-,(9.6),0.0,(17.6)
2025-05-13,0.0,-,0.0,0.0,0.0,3.0,0.0,3.1,-,0.0,7.4,13.5
2025-05-14,57.6,-,5.9,0.0,0.0,0.0,0.0,0.0,-,0.0,0.0,63.5
2025-05-15,8.4,-,(31.6),0.0,0.0,0.0,0.0,0.0,-,(16.6),0.0,(39.8)
2025-05-16,0.0,-,13.6,0.0,0.0,0.0,0.0,0.0,-,0.0,8.6,22.2
2025-05-19,13.7,-,0.0,0.0,0.0,0.0,0.0,0.0,-,0.0,0.0,13.7
2025-05-20,45.0,-,19.8,0.0,0.0,0.0,0.0,0.0,-,0.0,0.0,64.8
2025-05-21,24.9,-,(24.3),0.0,0.0,0.0,0.0,0.0,-,0.0,0.0,0.6
2025-05-22,0.0,-,42.2,5.7,0.0,0.0,0.0,0.0,-,43.7,18.9,110.5
2025-05-23,52.8,-,0.0,0.0,0.0,0.0,0.0,0.0,-,0.0,5.8,58.6
2025-05-26,-,-,-,-,-,-,-,-,-,-,-,0.0
2025-05-27,32.5,-,3.4,0.0,0.0,2.9,0.0,0.0,-,0.0,0.0,38.8
2025-05-28,52.7,-,25.7,0.0,0.0,0.0,1.6,0.0,-,0.0,4.9,84.9
2025-05-29,50.4,-,38.3,4.6,0.0,0.0,0.0,0.0,-,(4.6),3.2,91.9
2025-05-30,70.2,-,0.0,0.0,0.0,0.0,0.0,0.0,-,0.0,0.0,70.2
2025-06-02,48.4,-,29.8,0.0,0.0,0.0,0.0,0.0,-,0.0,0.0,78.2
2025-06-03,77.1,-,21.0,0.0,0.0,0.0,0.0,3.0,-,0.0,8.4,109.5
2025-06-04,73.2,-,(23.6),0.0,0.0,0.0,0.0,0.0,-,0.0,7.4,57.0
2025-06-05,34.7,-,(23.4),0.0,0.0,0.0,0.0,0.0,-,0.0,0.0,11.3
2025-06-06,15.9,-,0.0,0.0,0.0,0.0,0.0,0.0,-,0.0,9.4,25.3
2025-06-09,35.2,-,12.9,0.0,0.0,0.0,0.0,0.0,-,0.0,4.6,52.7
2025-06-10,80.6,-,26.3,8.4,0.0,0.0,0.0,0.0,-,0.0,9.7,125.0
2025-06-11,163.6,-,37.3,6.5,0.0,0.0,0.0,0.0,-,13.3,19.6,240.3
2025-06-12,101.5,-,10.8,0.0,0.0,0.0,0.0,0.0,-,0.0,0.0,112.3
2025-06-13,0.0,-,(8.8),0.0,0.0,0.0,0.0,0.0,-,0.0,6.7,(2.1)
2025-06-16,16.1,-,5.3,0.0,0.0,0.0,0.0,0.0,-,0.0,0.0,21.4
2025-06-17,36.7,-,(20.2),3.6,0.0,0.0,0.0,0.0,-,(9.0),0.0,11.1
2025-06-18,15.1,-,0.0,0.0,0.0,0.0,0.0,0.0,-,0.0,4.0,19.1
2025-06-19,-,-,-,-,-,-,-,-,-,-,-,0.0
2025-06-20,(19.7),-,0.0,0.0,0.0,1.8,0.0,0.0,-,0.0,6.6,(11.3)
2025-06-23,25.8,-,60.5,0.0,0.0,0.0,0.0,0.0,-,9.0,5.4,100.7
2025-06-24,98.0,-,(26.7),0.0,0.0,0.0,0.0,0.0,-,0.0,0.0,71.3
2025-06-25,55.2,-,0.0,5.2,0.0,0.0,0.0,0.0,-,0.0,0.0,60.4
2025-06-26,5.9,-,4.9,2.6,0.0,0.0,0.0,0.0,-,(27.4),(12.4),(26.4)
2025-06-27,48.1,-,28.9,0.0,0.5,0.0,0.0,0.0,-,0.0,0.0,77.5
2025-06-30,6.1,-,25.7,0.0,0.0,0.0,0.0,0.0,-,0.0,0.0,31.8
2025-07-01,54.8,-,(24.1),0.0,0.0,0.0,0.0,0.0,-,10.0,0.0,40.7
2025-07-02,(46.9),-,25.8,8.3,0.0,2.8,0.0,0.0,-,0.0,8.1,(1.9)
2025-07-03,85.4,-,64.6,0.0,0.0,0.0,0.0,0.0,-,(5.4),3.9,148.5
2025-07-07,53.2,-,8.9,0.0,0.0,0.0,0.0,0.0,-,0.0,0.0,62.1
2025-07-08,25.3,-,(0.7),4.9,0.0,0.0,0.0,0.0,-,7.9,9.3,46.7
2025-07-09,158.6,-,29.5,0.0,0.0,0.0,0.0,5.2,-,0.0,18.0,211.3
2025-07-10,300.9,-,37.3,3.2,0.0,2.1,0.0,0.0,-,18.9,20.7,383.1
2025-07-11,137.1,-,12.0,8.6,5.1,6.6,0.0,0.0,-,10.0,25.5,204.9
2025-07-14,151.4,-,31.4,11.2,0.0,6.6,0.0,5.7,-,8.9,43.8,259.0
2025-07-15,171.5,-,12.2,0.0,0.0,0.0,0.0,0.0,-,0.0,8.6,192.3
2025-07-16,499.2,-,113.3,14.4,0.0,3.7,3.7,5.1,-,33.0,54.2,726.6
2025-07-17,546.7,-,17.2,4.4,3.8,0.0,0.0,0.0,-,0.0,29.9,602.0
2025-07-18,394.9,-,(45.4),13.0,0.0,2.6,0.0,0.0,-,(27.9),65.3,402.5
2025-07-21,102.0,-,126.9,13.1,(0.4),0.0,0.0,0.0,-,0.0,54.9,296.5
2025-07-22,426.2,-,35.0,0.0,0.0,0.0,0.0,0.0,-,0.0,72.6,533.8
2025-07-23,324.6,-,3.6,0.0,0.0,4.0,0.0,0.0,-,0.0,0.0,332.2
2025-07-24,0.0,-,210.1,11.5,0.0,0.0,0.0,2.8,-,(18.5),25.3,231.2
2025-07-25,440.1,-,7.3,10.0,0.0,0.0,0.0,0.0,-,(23.5),18.9,452.8
2025-07-28,132.0,-,(49.2),0.0,0.0,0.0,0.0,0.0,-,(17.6),0.0,65.2
2025-07-29,223.7,-,0.0,0.0,(5.1),0.0,0.0,0.0,-,0.0,0.0,218.6
2025-07-30,20.3,-,(22.3),0.0,0.0,0.0,0.0,0.0,-,7.8,0.0,5.8
2025-07-31,18.2,-,5.6,0.0,0.0,0.0,0.0,0.0,-,(6.8),0.0,17.0
2025-08-01,0.0,-,(6.2),(40.3),(1.9),(5.2),(8.4),(5.4),-,(37.2),(47.7),(152.3)
2025-08-04,(375.0),-,(55.1),0.0,0.0,0.0,0.0,0.0,-,(7.0),(28.0),(465.1)
2025-08-05,88.8,-,0.0,0.0,3.6,5.2,0.0,0.0,-,(10.9),(13.4),73.3
2025-08-06,33.4,-,0.0,0.0,0.4,0.0,0.0,0.0,-,10.0,(8.7),35.1
2025-08-07,103.5,-,31.8,24.8,0.0,7.0,3.9,5.8,-,10.9,34.6,222.3
2025-08-08,254.7,-,132.3,7.8,0.0,0.0,1.2,0.0,-,26.8,38.2,461.0
2025-08-11,639.8,-,276.9,4.3,3.9,9.4,0.0,4.9,-,13.0,66.6,"1,018.8"
2025-08-12,318.7,-,144.9,0.0,1.8,4.9,0.0,0.0,-,9.3,44.3,523.9
2025-08-13,500.9,-,154.7,10.8,0.0,0.0,0.0,3.6,-,7.8,51.3,729.1
2025-08-14,519.7,-,56.9,0.0,0.0,0.0,2.3,0.0,-,0.0,60.7,639.6
2025-08-15,338.1,-,(272.2),(15.8),(4.4),0.0,0.0,0.0,-,(101.7),(3.3),(59.3)
2025-08-18,(87.2),-,(78.4),(0.9),0.0,(4.8),0.0,(6.6),-,(18.7),0.0,(196.6)
2025-08-19,(6.3),-,(156.3),(39.8),0.0,(3.0),(7.4),(6.3),-,(122.0),(88.5),(429.6)
2025-08-20,(257.8),-,8.6,0.0,0.0,0.0,0.0,0.0,-,0.0,9.0,(240.2)
2025-08-21,233.6,-,28.5,7.0,0.0,6.2,0.0,0.0,-,5.9,6.4,287.6
2025-08-22,109.4,-,117.9,36.3,0.0,3.5,0.0,5.5,-,45.9,22.7,341.2
2025-08-25,314.9,-,87.4,9.7,5.6,0.0,2.2,0.0,-,(29.2),53.3,443.9
2025-08-26,323.1,-,85.5,0.0,0.0,0.0,0.0,0.0,-,5.3,41.1,455.0
2025-08-27,262.6,-,20.5,0.0,2.3,3.3,0.0,0.0,-,5.7,15.1,309.5
2025-08-28,67.6,-,(33.5),(1.3),0.0,0.0,0.0,0.0,-,0.0,6.3,39.1
2025-08-29,0.0,-,(51.0),(23.7),0.0,0.0,0.0,0.0,-,(28.6),(61.3),(164.6)
2025-09-02,0.0,-,(99.2),(24.2),(6.6),0.0,0.0,0.0,-,(5.3),0.0,(135.3)
2025-09-03,(151.4),-,65.8,20.8,0.0,0.0,0.0,0.0,-,0.0,26.6,(38.2)
2025-09-04,148.8,-,(216.7),(45.7),0.0,(17.2),(2.1),(1.6),-,(26.4),(6.4),(167.3)
2025-09-05,(309.9),-,(37.8),0.0,(14.7),0.0,0.0,0.0,-,(51.8),(32.6),(446.8)
2025-09-08,(192.7),-,75.2,0.0,0.0,0.0,0.0,0.0,-,9.5,11.3,(96.7)
2025-09-09,44.2,-,0.0,0.0,0.0,0.0,0.0,0.0,-,0.0,0.0,44.2
2025-09-10,74.5,-,49.5,8.4,7.1,11.1,4.3,0.0,-,8.9,7.7,171.5
2025-09-11,(17.4),-,88.3,19.6,0.0,0.0,0.0,3.4,-,14.6,4.6,113.1
2025-09-12,165.6,-,168.2,16.6,6.9,6.8,0.0,0.0,-,23.8,17.6,405.5
2025-09-15,363.2,-,(13.5),0.0,0.0,0.0,0.0,0.0,-,10.0,0.0,359.7
2025-09-16,(20.3),-,(48.1),6.7,0.0,0.0,0.0,0.0,-,0.0,0.0,(61.7)
2025-09-17,25.9,-,(29.2),(9.7),2.0,0.0,2.7,0.0,-,0.0,6.4,(1.9)
2025-09-18,0.0,-,159.4,17.5,0.0,0.0,0.0,3.5,-,9.8,22.9,213.1
2025-09-19,144.3,-,(53.4),(7.0),(6.0),(8.2),(4.4),0.0,-,(6.2),(11.3),47.8
2025-09-22,(15.1),-,(33.1),(22.3),0.0,0.0,0.0,0.0,-,0.0,(5.5),(76.0)
2025-09-23,0.0,-,(63.4),(23.9),0.0,0.0,0.0,0.0,-,(17.1),(36.4),(140.8)
2025-09-24,(26.5),-,(33.3),(4.5),(6.2),0.0,0.0,0.0,-,(8.9),0.0,(79.4)
2025-09-25,0.0,-,(158.1),(27.6),(2.4),(1.4),(2.3),(3.0),-,(30.3),(26.1),(251.2)
2025-09-26,(199.9),-,(74.4),0.0,8.0,0.0,0.0,0.0,-,17.9,0.0,(248.4)
2025-09-29,154.2,-,202.2,36.5,3.1,15.3,6.7,6.3,-,22.8,99.8,546.9
2025-09-30,127.5,-,0.0,0.0,0.0,0.0,0.0,0.0,-,0.0,0.0,127.5
2025-10-01,26.2,-,36.8,0.0,0.0,0.0,0.0,0.0,-,3.6,14.3,80.9
2025-10-02,177.1,-,60.7,46.5,2.7,3.3,0.0,0.0,-,4.1,12.7,307.1
2025-10-03,206.7,-,5.6,0.0,0.0,3.3,0.0,0.0,-,0.0,17.9,233.5
2025-10-06,92.6,-,23.5,27.0,0.0,5.2,0.0,0.0,-,14.8,18.7,181.8
2025-10-07,437.5,-,(25.7),0.0,3.6,0.0,0.0,0.0,-,0.0,5.5,420.9
2025-10-08,148.9,-,(63.1),0.0,0.0,0.0,0.0,0.0,-,(16.7),0.0,69.1
2025-10-09,39.3,-,(30.3),(8.1),(2.6),(4.8),(2.2),0.0,-,0.0,0.0,(8.7)
2025-10-10,(80.2),-,(30.1),(21.6),0.0,0.0,0.0,0.0,-,(30.6),(12.4),(174.9)
2025-10-13,(310.1),-,(19.1),(12.8),0.0,(9.3),0.0,(6.5),-,(21.0),(49.7),(428.5)
2025-10-14,0.0,-,154.6,13.3,0.0,10.5,0.0,7.8,-,15.2,34.8,236.2
2025-10-15,164.3,-,1.0,12.3,(8.0),0.0,0.0,0.0,-,0.0,0.0,169.6
2025-10-16,46.9,-,(11.6),(15.8),0.0,0.0,0.0,(2.9),-,(69.0),(4.4),(56.8)
2025-10-17,(146.1),-,(30.6),(20.6),0.0,(4.2),0.0,0.0,-,(26.1),(4.7),(232.3)
2025-10-20,(117.9),-,(27.8),0.0,0.0,0.0,0.0,0.0,-,0.0,0.0,(145.7)
2025-10-21,42.5,-,59.1,0.0,0.0,4.4,0.0,0.0,-,13.1,22.6,141.7
2025-10-22,110.7,-,(49.5),0.0,0.0,0.0,0.0,0.0,-,(33.5),(46.6),(18.9)
2025-10-23,(23.4),-,(77.0),(8.8),0.0,(5.6),0.0,0.0,-,(5.7),(6.9),(127.4)
2025-10-24,(101.0),-,0.0,0.0,0.0,0.0,0.0,0.0,-,0.0,7.4,(93.6)
2025-10-27,72.5,-,11.5,22.6,0.0,4.6,0.0,0.0,-,6.9,15.8,133.9
2025-10-28,76.4,-,99.3,0.0,0.0,0.0,0.0,0.0,-,(2.7),73.0,246.0
2025-10-29,21.4,-,(69.5),0.0,0.0,(4.3),0.0,0.0,-,(12.8),(16.2),(81.4)
2025-10-30,(118.0),-,(18.5),(31.1),(3.2),(2.7),(2.0),(4.2),-,0.0,(4.5),(184.2)
2025-10-31,(38.6),-,(27.1),(6.7),0.0,0.0,0.0,0.0,-,(13.7),(12.1),(98.2)
2025-11-03,(81.7),-,(25.1),(6.2),0.0,(2.6),0.0,0.0,-,(15.0),(5.1),(135.7)
2025-11-04,(111.1),-,(19.9),0.0,0.0,0.0,0.0,0.0,-,(19.8),(68.6),(219.4)
2025-11-05,(146.6),-,3.5,0.0,0.5,0.0,0.0,0.0,-,0.0,24.1,(118.5)
2025-11-06,8.0,-,4.9,3.1,0.0,0.0,0.0,0.0,-,(3.5),0.0,12.5
2025-11-07,34.4,-,(72.2),0.0,0.0,0.0,2.6,0.0,-,0.0,(11.4),(46.6)
2025-11-10,0.0,-,0.0,0.0,0.0,0.0,0.0,0.0,-,0.0,0.0,0.0
2025-11-11,(19.8),-,(3.4),(4.4),0.0,(3.8),0.0,0.0,-,0.0,(75.7),(107.1)
2025-11-12,(91.0),-,(19.6),0.0,0.0,0.0,0.0,0.0,-,(49.3),(23.8),(183.7)
2025-11-13,(137.3),-,(14.2),0.0,0.0,0.0,(4.4),0.0,-,(67.9),(35.8),(259.6)
2025-11-14,(173.3),-,0.0,0.0,0.0,0.0,0.0,0.0,-,(4.6),0.0,(177.9)
2025-11-17,(193.0),-,(3.0),0.0,0.0,0.0,0.0,0.0,-,2.5,10.8,(182.7)
2025-11-18,(165.1),-,0.0,19.1,0.0,4.6,0.0,4.8,-,0.0,62.4,(74.2)
2025-11-19,(24.6),-,0.0,0.0,0.0,0.0,2.9,0.0,-,(15.7),0.0,(37.4)
2025-11-20,(122.6),-,(90.5),(11.2),0.0,(18.7),0.0,0.0,-,(18.6),0.0,(261.6)
2025-11-21,(53.7),-,95.4,6.3,0.0,0.0,0.0,0.0,-,0.0,7.7,55.7
2025-11-24,92.6,-,(2.2),(4.3),0.7,0.0,0.0,0.0,-,0.0,9.8,96.6
2025-11-25,46.1,-,47.5,0.0,0.0,0.0,0.0,0.0,-,(23.3),8.3,78.6
2025-11-26,50.2,-,0.0,4.3,0.0,0.0,0.0,0.0,-,0.0,6.3,60.8
2025-11-28,68.3,-,0.0,0.0,0.0,0.0,0.0,0.0,-,8.3,0.0,76.6
2025-12-01,26.7,-,(31.6),0.0,0.0,(4.0),0.0,0.0,-,(49.8),(20.3),(79.0)
2025-12-02,(88.7),-,50.7,0.0,0.0,0.0,0.0,0.0,-,0.0,28.1,(9.9)
2025-12-03,53.0,-,34.4,4.5,0.0,0.0,0.0,0.0,-,27.6,20.7,140.2
2025-12-04,28.4,-,(17.9),0.0,0.0,0.0,0.0,0.0,-,(31.0),(21.0),(41.5)
2025-12-05,(75.2),-,0.0,0.0,0.0,0.0,0.0,0.0,-,0.0,0.0,(75.2)
2025-12-08,23.7,-,0.0,0.0,0.0,0.0,0.0,0.0,-,0.0,11.8,35.5
2025-12-09,35.3,-,51.5,17.9,1.7,14.6,0.0,0.0,-,11.5,45.2,177.7
2025-12-10,56.5,-,(6.8),0.0,0.0,0.0,0.0,0.0,-,0.0,7.9,57.6
2025-12-11,0.0,-,(3.2),0.0,2.1,0.0,0.0,0.0,-,(31.2),(10.0),(42.3)
2025-12-12,23.2,-,(6.1),0.0,0.0,0.0,0.0,0.0,-,(14.4),(22.1),(19.4)
2025-12-15,(139.1),-,(11.0),(13.0),0.0,(6.4),0.0,0.0,-,(35.1),(20.2),(224.8)
2025-12-16,(221.3),-,(2.9),0.0,0.0,0.0,0.0,0.0,-,0.0,0.0,(224.2)
2025-12-17,(19.6),-,(2.8),0.0,0.0,0.0,0.0,0.0,-,0.0,0.0,(22.4)
2025-12-18,(102.2),-,0.0,0.0,0.0,0.0,0.0,0.0,-,2.7,2.9,(96.6)
2025-12-19,(75.9),-,0.0,0.0,0.0,0.0,0.0,0.0,-,0.0,0.0,(75.9)
2025-12-22,0.0,-,0.0,0.0,0.0,0.0,0.0,0.0,-,53.7,30.9,84.6
2025-12-23,(25.0),-,0.0,(14.0),0.0,0.0,0.0,(5.6),-,(50.9),0.0,(95.5)
2025-12-24,(22.3),-,0.0,0.0,0.0,0.0,0.0,0.0,-,(33.8),3.3,(52.8)
2025-12-26,(22.1),-,0.0,0.0,0.0,0.0,0.0,0.0,-,(16.6),0.0,(38.7)
2025-12-29,(13.3),-,3.7,0.0,0.0,0.0,0.0,0.0,-,0.0,0.0,(9.6)
2025-12-30,0.0,-,3.7,0.0,0.0,0.0,0.0,0.0,-,50.2,14.0,67.9
2025-12-31,(21.5),-,(2.2),0.0,0.0,(14.1),0.0,(2.2),-,0.0,(32.0),(72.0)
2026-01-02,47.2,-,0.0,19.0,0.0,4.6,0.0,0.0,-,53.7,50.0,174.5
2026-01-05,102.9,-,21.8,19.7,0.0,0.0,0.0,0.0,-,1.3,22.3,168.0
2026-01-06,198.8,-,(1.6),1.4,1.6,0.0,0.0,0.0,-,(53.0),(32.5),114.7
2026-01-07,(6.6),-,(13.3),(11.2),0.0,(4.6),0.0,2.4,-,(52.0),(13.0),(98.3)
2026-01-08,(107.7),-,(4.6),0.0,0.0,(2.3),0.0,0.0,-,(31.7),(12.9),(159.2)
2026-01-09,(83.8),-,0.0,0.0,0.0,0.0,0.0,0.0,-,(10.0),0.0,(93.8)
2026-01-12,(79.9),-,0.0,0.0,5.0,0.0,0.0,0.0,-,50.7,29.3,5.1
2026-01-13,53.3,-,14.4,23.0,0.0,0.0,0.0,0.0,-,3.9,35.4,130.0
2026-01-14,81.6,-,5.9,8.0,0.0,3.7,0.0,0.0,-,32.4,43.5,175.1
2026-01-15,149.2,-,0.0,0.0,0.0,0.0,0.0,0.0,-,0.0,15.2,164.4
2026-01-16,14.9,-,0.0,0.0,0.0,0.0,0.0,0.0,-,(10.2),0.0,4.7
2026-01-20,(92.3),-,(51.5),(31.1),0.0,(5.5),0.0,0.0,-,(38.5),(11.1),(230.0)
2026-01-21,(250.3),-,(30.9),0.0,-,(4.4),0.0,0.0,-,(11.4),10.0,(287.0)
2026-01-22,(44.4),-,0.0,(15.2),0.0,0.0,0.0,0.0,-,7.9,9.7,(42.0)
2026-01-23,(44.5),-,4.4,0.0,0.0,0.0,0.0,0.0,-,(10.8),9.2,(41.7)
2026-01-26,(20.2),-,137.2,0.0,0.0,0.0,0.0,0.0,-,0.0,0.0,117.0
2026-01-27,(59.0),-,0.0,0.0,0.0,0.0,0.0,0.0,-,(14.6),10.0,(63.6)
2026-01-28,27.3,-,0.8,0.0,0.0,0.0,0.0,0.0,-,-,0.0,28.1
2026-01-29,(54.9),-,(59.2),(2.0),0.0,0.0,0.0,0.0,-,(13.1),(26.5),(155.7)
2026-01-30,(157.2),-,(95.7),0.0,0.0,0.0,0.0,0.0,-,0.0,0.0,(252.9)
2026-02-02,(82.1),-,66.6,5.0,0.0,7.6,0.0,0.0,-,0.0,0.0,(2.9)
2026-02-03,42.9,-,(54.8),0.0,0.0,(2.5),1.1,0.0,-,8.2,19.1,14.0
2026-02-04,(58.9),-,(20.5),0.0,0.0,0.0,0.0,0.0,-,0.0,0.0,(79.4)
2026-02-05,(8.5),-,(55.8),0.0,0.0,0.0,3.5,0.0,-,(27.1),7.1,(80.8)
2026-02-06,(45.4),-,4.6,11.8,0.0,3.0,2.5,0.0,-,0.0,6.8,(16.7)
2026-02-09,(45.0),-,67.3,(9.9),0.0,0.0,0.0,0.0,-,0.0,44.6,57.0
2026-02-10,0.0,-,0.5,0.0,0.0,0.0,0.0,0.0,-,0.0,13.3,13.8
2026-02-11,(29.4),-,(67.1),(16.7),0.0,0.0,0.0,0.0,-,(11.5),(4.4),(129.1)
2026-02-12,(29.0),-,(43.5),(6.2),(2.9),0.0,0.0,0.0,-,(13.4),(18.1),(113.1)
2026-02-13,(9.3),-,2.0,0.0,0.0,3.0,0.0,0.0,-,0.0,14.5,10.2
2026-02-17,22.9,-,14.4,0.0,0.0,0.0,0.0,0.0,-,0.0,11.3,48.6
2026-02-18,(29.9),-,(8.2),0.0,0.0,0.0,(3.7),0.0,-,0.0,0.0,(41.8)
2026-02-19,(96.8),-,(11.6),(3.3),0.0,0.0,0.0,0.0,-,0.0,(18.4),(130.1)
2026-02-20,1.8,-,(2.5),0.0,0.7,0.0,0.0,0.0,-,0.0,0.0,0.0
2026-02-23,(45.4),-,(1.4),0.0,0.0,(2.7),0.0,0.0,-,0.0,0.0,(49.5)
2026-02-24,0.0,-,(1.9),0.0,0.0,0.0,0.0,0.0,-,0.0,11.1,9.2
2026-02-25,31.3,-,61.9,1.5,0.0,3.0,0.0,0.0,-,33.9,25.6,157.2
2026-02-26,15.3,-,(19.2),0.0,7.6,0.0,(2.2),0.0,-,6.6,(1.5),6.6
2026-02-27,(43.0),-,0.0,0.0,0.0,0.0,0.0,0.0,-,0.0,0.0,(43.0)
2026-03-02,26.5,-,1.0,2.2,0.0,0.0,0.0,0.0,-,4.2,4.8,38.7
2026-03-03,41.9,-,(66.7),0.0,0.0,0.0,0.0,0.0,-,(4.7),18.7,(10.8)
2026-03-04,39.3,-,30.3,8.9,0.0,9.5,0.0,0.0,-,21.9,59.5,169.4
2026-03-05,30.3,-,(115.0),(3.6),(5.2),(3.8),2.7,0.0,-,(3.4),7.1,(90.9)
2026-03-06,(4.8),-,(67.6),0.0,0.0,(2.9),0.0,0.0,-,(1.6),(6.0),(82.9)
2026-03-09,(55.1),-,16.2,0.0,1.0,0.0,0.0,0.0,-,(13.4),0.0,(51.3)
2026-03-10,0.0,-,10.7,0.0,0.0,0.0,0.0,0.0,-,0.0,1.9,12.6
2026-03-11,18.8,0.0,19.1,0.0,0.0,0.0,0.0,0.0,-,0.0,19.1,57.0
2026-03-12,18.7,43.5,52.0,0.9,0.0,0.0,0.0,0.8,-,0.0,0.0,115.9
2026-03-13,32.4,2.2,(7.9),0.0,0.0,0.0,0.0,0.0,-,0.0,0.0,26.7
2026-03-16,(16.2),32.4,34.9,0.0,0.0,0.0,0.0,0.0,-,(15.2),0.0,35.9
2026-03-17,81.7,67.2,(35.5),0.0,0.0,0.0,0.0,0.0,-,9.4,15.4,138.2
2026-03-18,(1.3),1.1,(37.1),(4.7),0.0,(4.8),0.0,0.0,-,(8.9),0.0,(55.7)
2026-03-19,(102.3),7.7,(11.8),(5.8),(5.2),(7.1),(3.4),0.0,-,0.0,(8.5),(136.4)
2026-03-20,(31.5),5.5,(12.2),0.0,(0.7),0.0,0.0,(0.8),-,(2.3),0.0,(42.0)
2026-03-23,(15.7),1.1,(1.6),0.0,0.0,0.0,0.0,0.0,-,0.0,0.0,(16.2)
2026-03-24,(25.0),2.2,(5.8),(1.5),1.1,-,0.0,0.0,-,(1.7),(10.0),(40.7)
2026-03-25,(33.4),1.1,23.8,0.0,0.0,0.0,0.0,0.0,-,0.0,0.0,(8.5)
2026-03-26,(140.2),96.8,(24.0),(5.1),0.0,0.0,0.0,0.0,-,(13.8),(6.2),(92.5)
2026-03-27,(70.8),39.9,(8.9),0.0,0.0,0.0,0.0,0.0,-,0.0,(8.7),(48.5)
2026-03-30,(9.8),4.2,10.6,0.0,0.0,0.0,0.0,0.0,-,0.0,0.0,5.0
2026-03-31,24.7,1.1,1.6,1.2,2.6,0.0,0.0,0.0,-,0.0,0.0,31.2
2026-04-01,(32.3),5.5,(11.7),4.3,3.2,0.0,0.0,0.0,-,17.4,6.5,(7.1)
2026-04-02,(46.7),0.0,(7.7),0.0,0.0,0.0,0.0,0.0,-,(16.8),0.0,(71.2)
2026-04-06,60.8,0.0,40.1,0.0,2.1,0.0,0.0,0.0,-,2.8,14.4,120.2
2026-04-07,(16.5),0.0,(48.2),0.0,0.0,0.0,0.0,0.0,-,0.0,0.0,(64.7)
2026-04-08,(20.6),44.2,(32.4),0.0,2.0,0.0,0.0,0.0,-,(6.1),(5.7),(18.6)
2026-04-09,90.9,13.7,(21.0),0.0,(5.5),0.0,0.0,(1.7),-,(0.9),9.7,85.2
2026-04-10,53.7,8.1,(0.6),0.0,3.7,0.0,0.0,0.0,-,0.0,0.0,64.9
2026-04-13,(4.1),5.8,3.9,0.0,(1.3),0.0,0.0,0.0,-,0.0,5.2,9.5
2026-04-14,10.5,1.2,38.1,0.0,0.0,0.0,0.0,0.0,-,0.0,3.3,53.1
2026-04-15,31.5,9.8,0.0,0.0,0.0,0.0,0.0,1.8,-,0.0,24.8,67.9
2026-04-16,30.5,0.0,0.0,(2.5),0.0,0.0,0.0,0.0,-,(16.7),6.7,18.0
2026-04-17,30.8,1.2,84.1,1.9,3.6,0.0,0.0,0.0,-,0.0,5.8,127.4
2026-04-20,76.1,13.2,(1.2),0.0,0.0,0.0,1.2,0.0,-,(17.1),(4.4),67.8
2026-04-21,37.0,15.5,(2.9),2.0,0.0,0.0,0.0,0.0,-,(12.1),3.9,43.4
2026-04-22,53.6,0.0,40.6,0.0,0.0,0.0,0.0,0.0,-,(9.2),11.4,96.4
2026-04-23,(21.0),0.0,(51.3),(3.3),(9.2),0.0,0.0,0.0,-,(10.9),19.8,(75.9)
2026-04-24,(7.7),32.3,(1.2),0.0,0.0,0.0,0.0,0.0,-,0.0,0.0,23.4
2026-04-27,(13.8),11.8,(48.4),0.0,0.0,0.0,0.0,0.0,-,0.0,0.0,(50.4)
2026-04-28,(13.2),0.0,(1.7),0.0,0.0,0.0,0.0,0.0,-,(6.9),0.0,(21.8)
2026-04-29,(37.1),(2.3),(48.4),0.0,0.0,0.0,0.0,0.0,-,0.0,0.0,(87.8)
2026-04-30,(50.6),29.1,(1.1),(3.6),0.0,0.0,0.0,0.0,-,(2.2),4.7,(23.7)
2026-05-01,43.2,5.9,49.4,1.3,1.4,0.0,0.0,0.0,-,0.0,0.0,101.2
2026-05-04,54.8,0.0,6.5,0.0,0.0,0.0,0.0,0.0,-,0.0,0.0,61.3
2026-05-05,69.5,2.4,24.2,0.0,1.4,0.0,0.0,0.0,-,0.0,0.0,97.5
2026-05-06,2.1,0.0,(0.6),0.0,0.0,0.0,0.0,0.0,-,0.0,10.0,11.5
2026-05-07,(26.3),0.0,(62.3),0.0,(2.9),0.0,0.0,0.0,-,(8.4),(3.7),(103.6)
2026-05-08,0.0,3.6,0.0,0.0,0.0,0.0,0.0,0.0,-,0.0,0.0,3.6
2026-05-11,2.1,(1.2),(4.7),0.0,0.0,0.0,0.0,0.0,-,(7.6),(5.6),(17.0)
2026-05-12,(102.0),11.7,(37.0),0.0,0.0,(3.3),0.0,0.0,-,0.0,0.0,(130.6)
2026-05-13,(21.1),(1.2),(14.0),0.0,0.0,0.0,0.0,0.0,-,0.0,0.0,(36.3)
2026-05-14,(13.2),(3.6),6.9,0.0,0.0,3.4,0.0,0.9,-,0.0,0.0,(5.6)
2026-05-15,(50.4),0.0,(11.1),0.0,0.0,0.0,0.0,0.0,-,0.0,(4.2),(65.7)
2026-05-18,(55.4),(2.2),(14.7),0.0,0.0,0.0,0.0,0.0,-,(4.0),(10.1),(86.4)
2026-05-19,(59.4),0.0,(3.7),0.8,0.0,0.0,0.0,0.0,-,0.0,0.0,(62.3)
2026-05-20,(30.9),4.4,(1.6),0.0,0.0,0.0,0.0,0.0,-,0.0,0.0,(28.1)
2026-05-21,(38.0),3.3,0.0,2.1,0.0,0.0,0.0,0.0,-,0.0,0.0,(32.6)
2026-05-22,(5.6),0.0,(1.0),0.0,0.0,0.0,0.0,0.0,-,0.0,0.0,(6.6)
2026-05-26,(1.9),0.0,(17.0),0.0,0.0,0.0,0.0,0.0,-,(7.9),(8.3),(35.1)
2026-05-27,(65.1),0.0,(2.0),0.0,0.0,0.0,0.0,0.0,-,0.0,0.0,(67.1)
2026-05-28,(80.4),3.1,(15.1),0.0,0.0,0.0,0.0,0.0,-,(21.4),(7.6),(121.4)
2026-05-29,(40.7),9.3,10.5,1.4,1.5,0.0,0.0,0.0,-,0.0,0.0,(18.0)
2026-06-01,(35.0),0.0,(9.5),0.0,0.0,0.0,0.0,0.0,-,0.0,0.0,(44.5)
2026-06-02,(44.3),(1.0),(15.6),0.0,0.0,0.0,0.0,0.0,-,(3.9),(25.4),(90.2)
2026-06-03,(51.6),0.0,(1.4),0.0,0.0,0.0,0.0,0.0,-,0.0,0.0,(53.0)
2026-06-04,19.3,0.0,0.0,0.0,0.0,0.0,0.0,0.0,-,0.0,0.0,19.3
2026-06-05,(13.2),4.0,-,0.0,0.0,-,0.0,0.0,-,3.2,0.0,(6.0)
2026-06-08,17.8,26.9,28.6,3.0,1.3,(3.7),0.5,0.0,-,0.0,8.0,82.4
2026-06-09,(8.5),0.0,0.0,0.0,0.0,0.0,0.0,0.0,-,(17.4),(15.0),(40.9)
2026-06-10,(20.6),1.7,(16.6),0.0,0.0,0.0,0.0,0.0,-,0.0,0.0,(35.5)
2026-06-11,8.6,0.0,(20.5),0.0,0.0,0.0,0.0,0.0,-,0.0,(4.0),(15.9)
2026-06-12,(4.5),0.0,(0.4),0.0,0.0,0.0,0.0,0.0,-,0.0,0.0,(4.9)
2026-06-15,17.6,0.0,0.0,0.0,0.0,0.0,0.0,0.0,-,1.8,3.1,22.5
2026-06-16,17.3,0.0,(2.2),(3.5),0.0,0.0,0.0,0.0,-,0.0,(2.0),9.6
2026-06-17,(9.0),0.0,(4.3),(0.5),(2.8),(0.6),0.0,0.0,-,(2.2),(9.9),(29.3)
2026-06-18,(12.8),0.0,0.0,0.0,0.0,0.0,0.0,0.0,-,0.0,0.0,(12.8)
2026-06-22,(66.4),0.0,0.0,0.0,0.3,0.0,0.0,0.0,-,0.0,0.0,(66.1)
2026-06-23,(86.1),(1.7),15.7,0.0,0.0,0.0,0.0,0.0,-,0.0,(10.3),(82.4)
2026-06-24,(8.1),0.0,(15.7),0.0,0.0,0.0,0.0,0.0,-,0.0,(6.5),(30.3)
2026-06-25,(63.0),(2.4),(3.5),0.6,0.0,0.0,0.0,0.0,-,(8.1),(5.5),(81.9)
2026-06-26,(12.8),0.0,0.0,0.0,0.0,0.0,0.0,0.0,-,0.0,0.0,(12.8)
2026-06-29,5.9,(37.5),5.3,0.0,0.0,0.0,0.0,0.0,-,2.1,(5.7),(29.9)
2026-06-30,(27.6),0.0,0.0,0.0,0.0,0.0,0.0,0.0,-,0.0,0.0,(27.6)
2026-07-01,36.6,(1.7),(1.6),0.0,0.0,0.0,0.0,0.0,-,0.0,(18.5),14.8
2026-07-02,29.7,0.0,0.8,0.0,0.0,1.2,0.0,0.0,-,(2.7),0.0,29.0
2026-07-06,23.3,0.0,0.0,0.0,0.0,(2.6),0.0,0.0,-,0.0,0.0,20.7
2026-07-07,26.9,0.0,0.0,0.0,0.0,0.0,0.0,0.0,-,0.0,0.0,26.9
2026-07-08,0.0,0.0,69.2,0.0,0.0,1.3,0.0,0.0,-,0.0,0.0,70.5
2026-07-09,(12.7),(2.7),(34.0),(2.8),0.0,0.0,0.0,0.0,-,0.0,0.0,(52.2)
2026-07-10,16.2,0.0,2.2,0.0,0.0,0.0,0.0,0.0,-,0.0,0.0,18.4
2026-07-13,0.0,0.0,(15.4),0.0,0.0,0.0,0.0,0.0,-,0.0,0.0,(15.4)
2026-07-14,58.3,0.0,0.0,0.0,0.0,0.0,0.0,0.0,-,0.0,0.0,58.3
2026-07-15,45.3,4.0,0.0,0.0,0.0,0.0,0.0,0.0,-,0.0,4.6,53.9
2026-07-16,0.0,0.0,(11.2),2.3,0.0,0.0,0.0,0.0,-,(4.8),(14.3),(28.0)
2026-07-17,31.7,0.0,5.0,0.0,0.0,0.0,0.0,0.0,-,0.0,0.0,36.7
2026-07-20,34.3,0.0,2.8,0.0,0.9,0.0,0.0,0.0,-,0.0,0.0,38.0
2026-07-21,52.8,0.0,(15.3),0.0,0.0,0.0,0.0,0.0,-,0.0,0.0,37.5
2026-07-22,53.5,0.0,19.2,0.0,0.0,0.0,0.0,0.0,-,0.0,0.0,72.7
2026-07-23,8.5,2.9,14.9,0.0,0.0,0.0,0.0,0.0,-,0.0,0.0,26.3
2026-07-24,(52.8),0.0,(27.8),0.0,0.0,0.0,0.0,0.0,-,0.0,9.9,(70.7)
2026-07-27,11.7,0.0,0.0,0.0,0.0,0.0,-,0.0,0.0,0.0,0.0,11.7
2026-07-28,3.5,5.9,0.0,0.0,0.0,0.0,0.0,0.0,5.1,0.0,0.0,14.5
2026-07-29,5.2,0.0,(16.1),(1.4),(2.8),0.0,0.0,0.0,14.3,(9.7),(8.1),(18.6)
2026-07-30,16.2,0.0,(2.9),1.4,0.4,(0.7),0.0,0.0,0.4,(1.6),0.0,13.2
2026-07-31,0.0,15.4,(1.9),(2.5),0.0,0.0,0.0,0.0,0.0,0.0,(2.0),9.0
2026-08-03,(9.0),5.8,(0.9),0.0,0.0,0.0,0.0,0.0,0.6,(7.8),0.0,(11.3)
2026-08-04,42.5,0.0,9.3,1.3,0.0,0.0,0.0,0.0,0.6,0.0,0.0,53.7
2026-08-05,50.3,4.9,2.9,1.4,1.3,0.0,0.0,0.0,0.0,0.0,0.0,60.8
2026-08-06,81.1,2.0,1.4,0.0,0.0,0.0,0.0,0.0,0.0,3.1,4.5,92.1
2026-08-07,38.1,0.0,11.5,0.0,0.0,0.0,0.0,0.0,0.0,0.0,0.0,49.6
2026-08-10,(23.8),3.9,(3.3),0.0,0.0,0.0,0.0,0.0,0.0,0.0,8.6,(14.6)
2026-08-11,0.6,0.0,(2.3),0.0,0.0,0.0,0.0,0.0,0.0,0.0,0.0,(1.7)
2026-08-12,7.4,0.0,0.0,0.0,0.0,0.0,0.0,0.0,0.0,0.0,0.0,7.4
2026-08-13,(0.6),0.0,0.0,0.0,0.0,0.0,0.0,0.0,0.8,0.0,6.5,6.7
2026-08-14,0.0,0.0,0.0,0.0,0.0,0.0,0.0,0.0,0.0,0.0,0.0,0.0
2026-08-17,25.9,0.0,4.3,0.7,0.0,0.0,0.0,0.0,0.0,0.0,0.0,30.9
2026-08-18,64.7,0.0,0.0,1.4,0.0,0.0,1.1,0.0,0.0,1.5,2.7,71.4
2026-08-19,122.1,9.7,36.5,0.0,0.0,0.0,0.0,0.8,2.3,1.7,16.0,189.1
2026-08-20,173.3,35.9,5.8,2.8,0.0,1.7,0.0,0.0,1.2,0.0,0.0,220.7
2026-08-21,150.8,9.9,9.6,2.2,0.0,0.0,0.0,0.0,0.8,0.0,11.5,184.8
2026-08-24,90.9,0.0,6.8,0.9,0.0,4.5,0.0,0.0,0.0,0.0,12.5,115.6
2026-08-25,146.4,7.6,25.8,0.0,0.0,0.0,0.0,0.0,0.0,0.0,0.0,179.8
2026-08-26,115.7,6.4,32.0,0.0,2.7,0.0,0.0,0.9,0.0,0.0,34.7,192.4
2026-08-27,130.2,20.7,56.2,1.4,0.0,0.0,0.0,0.0,8.6,3.0,14.3,234.4
2026-08-28,83.8,42.6,(24.3),0.0,0.0,0.0,0.0,0.0,0.0,0.0,0.0,102.1
2026-08-31,59.9,0.0,9.3,3.7,1.2,0.0,0.0,0.0,0.0,0.0,13.5,87.6
2026-09-01,0.0,11.2,4.8,0.0,0.0,0.0,0.0,0.0,2.3,(7.4),0.0,10.9
2026-09-02,(53.4),52.9,(26.2),0.0,2.0,0.0,0.0,0.0,0.0,(23.5),0.0,(48.2)
2026-09-03,72.1,1.3,65.1,0.0,0.0,0.0,5.4,0.0,0.0,(6.1),3.6,141.4
2026-09-04,57.8,16.4,(48.3),0.0,0.0,0.0,0.0,0.0,0.5,0.0,0.0,26.4
2026-09-08,0.0,0.0,9.9,0.0,0.0,0.0,0.0,0.0,0.0,(9.6),(24.6),(24.3)
2026-09-09,9.7,22.9,0.0,0.0,2.1,0.0,0.0,0.0,0.0,0.0,0.0,34.7
2026-09-10,(18.6),13.9,(25.2),0.0,0.0,0.0,0.0,0.0,0.0,(7.7),7.7,(29.9)
2026-09-11,148.8,18.3,11.4,29.1,0.0,3.7,0.0,0.0,0.0,0.0,5.1,216.4
2026-09-14,80.5,14.4,8.9,0.0,6.5,0.0,(5.4),0.0,0.0,0.0,16.2,121.1
2026-09-15,(98.0),12.4,(7.2),(34.4),2.4,0.0,0.0,0.0,0.3,(17.5),0.0,(142.0)
2026-09-16,(110.0),(19.8),(55.6),0.0,(10.8),(14.0),0.0,0.0,0.0,(13.9),0.0,(224.1)
2026-09-17,(42.9),0.0,1.8,0.0,0.0,1.8,0.0,0.0,0.0,0.0,0.0,(39.3)
2026-09-18,114.3,0.0,26.2,1.3,0.0,1.9,0.0,0.0,0.0,0.0,0.0,143.7
2026-09-21,110.1,12.8,73.0,4.3,4.1,0.0,0.0,0.0,1.5,4.9,59.3,270.0
2026-09-22,88.1,2.8,33.6,0.0,0.0,0.0,0.0,0.0,0.0,10.4,27.3,162.2
2026-09-23,50.8,0.0,41.3,0.0,4.0,2.9,0.9,3.0,1.4,4.3,(4.1),104.5
2026-09-24,26.8,0.0,21.5,0.0,0.0,0.0,0.0,0.0,0.0,0.0,17.8,66.1
2026-09-25,50.4,31.9,4.7,0.0,0.0,0.0,0.0,0.0,0.0,0.0,0.0,87.0
2026-09-28,15.4,0.0,0.0,0.0,1.7,0.0,0.0,0.0,0.0,0.0,0.0,17.1
2026-09-29,(8.9),0.0,(6.7),0.0,0.0,0.0,0.0,0.0,0.0,0.0,12.8,(2.8)
2026-09-30,0.0,0.0,(26.6),0.0,0.0,0.0,0.0,0.0,0.0,(7.5),(25.5),(59.6)
2026-10-01,0.0,0.0,(23.5),0.0,0.0,(6.9),0.0,(6.1),0.0,(20.4),1.5,(55.4)
2026-10-02,-,-,(17.3),0.0,0.0,0.0,0.0,0.0,0.0,0.0,0.0,(17.3)
